LSOA21CD,LSOA21NM,nearest_any_core_bus_network_m,calls_per_active_stop_per_hour_core_06_22,unique_lines_core_06_22,walking_access_percentile,service_frequency_percentile,route_availability_percentile,ptal_inspired_score
E01011264,Leeds 011A,123.945417830312,0.358333333333333,2,82.7515400410678,3.49075975359343,14.5790554414784,33.6071184120465
E01011265,Leeds 009A,184.648514142035,2.82421875,6,66.9404517453799,53.388090349076,67.7618069815195,62.6967830253251
E01011266,Leeds 008A,1030.41110253697,1.59821428571429,4,2.87474332648871,26.2833675564682,44.2505133470226,24.4695414099932
E01011267,Leeds 009B,204.182535897042,1.46180555555556,5,62.0123203285421,22.3819301848049,56.6735112936345,47.0225872689939
E01011268,Leeds 010A,132.466631545752,1.07142857142857,3,80.2874743326489,14.476386036961,29.2607802874743,41.3415468856947
E01011269,Leeds 011B,248.684918216956,1.375,4,51.7453798767967,20.7392197125257,44.2505133470226,38.911704312115
E01011270,Leeds 008B,3803.15159543517,0.5625,2,0,4.92813141683778,14.5790554414784,6.50239561943874
E01011271,Leeds 009C,341.8246209538,1.1,6,36.5503080082136,15.1950718685832,67.7618069815195,39.8357289527721
E01011272,Leeds 009D,565.098694718046,0,0,14.1683778234086,1.3347022587269,1.3347022587269,5.61259411362081
E01011273,Leeds 010B,175.867217052842,1.625,3,69.8151950718686,27.0020533880904,29.2607802874743,42.0260095824778
E01011274,Leeds 010C,152.632229518941,3.7578125,5,75.9753593429158,68.993839835729,56.6735112936345,67.2142368240931
E01011275,Leeds 010D,216.523949134634,2.38541666666667,3,59.5482546201232,45.5852156057495,29.2607802874743,44.798083504449
E01011276,Leeds 011C,440.743408325054,5.5,5,23.2032854209446,85.4209445585216,56.6735112936345,55.0992470910336
E01011277,Leeds 014A,243.920382348913,1.14583333333333,2,52.3613963039014,16.2217659137577,14.5790554414784,27.7207392197125
E01011278,Leeds 014B,197.652073005803,2.34375,6,62.8336755646817,44.35318275154,67.7618069815195,58.3162217659138
E01011279,Leeds 008C,1011.47320642808,0.3125,1,3.28542094455852,3.08008213552361,5.74948665297741,4.03832991101985
E01011280,Leeds 008D,392.130196139674,0.979166666666667,6,28.7474332648871,11.6016427104723,67.7618069815195,36.0369609856263
E01011281,Leeds 059A,254.630077056804,1.00568181818182,2,50.5133470225873,12.9363449691992,14.5790554414784,26.009582477755
E01011282,Leeds 059B,313.235245218825,2.83333333333333,6,40.4517453798768,53.7987679671458,67.7618069815195,54.0041067761807
E01011283,Leeds 059C,396.410823386998,1.89285714285714,6,27.7207392197125,33.4702258726899,67.7618069815195,42.984257357974
E01011284,Leeds 071A,744.945824505456,3.13194444444444,5,6.77618069815195,57.700205338809,56.6735112936345,40.3832991101985
E01011286,Leeds 059D,495.947413211859,5.42708333333333,7,18.6858316221766,84.5995893223819,75.0513347022587,59.4455852156058
E01011287,Leeds 067B,373.378959214895,5,5,31.6221765913758,81.5195071868583,56.6735112936345,56.6050650239562
E01011292,Leeds 071B,88.169774763838,3.32291666666667,7,89.5277207392197,61.1909650924025,75.0513347022587,75.2566735112936
E01011293,Leeds 071C,170.59147854334,6.51785714285714,10,71.047227926078,89.9383983572895,89.0143737166325,83.3333333333333
E01011294,Leeds 071D,191.596374801996,3.8125,8,64.0657084188912,70.3285420944559,80.9034907597536,71.7659137577002
E01011295,Leeds 059E,100.174619078511,1.65625,1,88.0903490759754,27.9260780287474,5.74948665297741,40.5886379192334
E01011296,Leeds 030A,686.594447872794,1.13541666666667,3,8.62422997946612,16.0164271047228,29.2607802874743,17.9671457905544
E01011297,Leeds 030B,2221.5803939119,1.55555555555556,5,0.205338809034908,25.0513347022587,56.6735112936345,27.3100616016427
E01011298,Leeds 088A,149.588928637597,1.13461538461538,2,77.0020533880904,15.8110882956879,14.5790554414784,35.7973990417522
E01011299,Leeds 088B,407.895098069641,1.37096774193548,5,26.4887063655031,20.3285420944559,56.6735112936345,34.4969199178645
E01011300,Leeds 089A,56.4869014599995,2.9375,5,95.2772073921971,55.1334702258727,56.6735112936345,69.0280629705681
E01011301,Leeds 089B,209.526929394764,5.03125,5,60.7802874743327,81.7248459958932,56.6735112936345,66.3928815879535
E01011302,Leeds 088C,830.648362304402,2.84895833333333,5,5.3388090349076,54.2094455852156,56.6735112936345,38.7405886379192
E01011303,Leeds 088D,475.363196495548,1.9375,4,20.1232032854209,35.2156057494867,44.2505133470226,33.1964407939767
E01011304,Leeds 089C,94.5274458313681,3.23611111111111,5,88.7063655030801,59.1375770020534,56.6735112936345,68.1724845995893
E01011305,Leeds 089D,125.990665247081,3.47321428571429,4,82.1355236139631,64.0657084188912,44.2505133470226,63.4839151266256
E01011306,Leeds 089E,885.837625599686,3.9375,4,4.51745379876797,72.9979466119097,44.2505133470226,40.5886379192334
E01011307,Leeds 103A,587.336319450442,3.7,3,12.9363449691992,67.5564681724846,29.2607802874743,36.5845311430527
E01011308,Leeds 103B,220.841220395666,2.59027777777778,3,58.1108829568789,51.0266940451745,29.2607802874743,46.1327857631759
E01011309,Leeds 030C,346.239575639763,2.26923076923077,5,35.7289527720739,42.0944558521561,56.6735112936345,44.8323066392882
E01011310,Leeds 030D,712.688290418862,1.11057692307692,3,7.59753593429158,15.605749486653,29.2607802874743,17.4880219028063
E01011311,Leeds 022A,1028.18489988578,1.59558823529412,3,3.08008213552361,26.0780287474333,29.2607802874743,19.4729637234771
E01011312,Leeds 086A,161.435249375245,11.125,9,73.1006160164271,97.741273100616,85.8316221765914,85.5578370978782
E01011313,Leeds 091A,342.903353507609,5.5,3,36.3449691991786,85.4209445585216,29.2607802874743,50.3422313483915
E01011314,Leeds 091B,339.194922370693,5.5,3,37.1663244353183,85.4209445585216,29.2607802874743,50.6160164271047
E01011315,Leeds 090A,496.067057174841,2.50892857142857,4,18.4804928131417,50.3080082135524,44.2505133470226,37.6796714579056
E01011316,Leeds 086B,182.257674631716,14.53125,8,68.5831622176591,99.3839835728953,80.9034907597536,82.9568788501027
E01011317,Leeds 090B,125.321135477325,3.58333333333333,8,82.3408624229979,65.0924024640657,80.9034907597536,76.1122518822724
E01011318,Leeds 090C,11.9906804992708,2.1,8,99.7946611909651,38.8090349075975,80.9034907597536,73.1690622861054
E01011319,Leeds 091C,105.97050487145,14.515625,8,86.4476386036961,99.1786447638604,80.9034907597536,88.8432580424367
E01011320,Leeds 091D,243.61188885282,7.58333333333333,16,52.5667351129363,93.0184804928131,97.6386036960986,81.0746064339494
E01011321,Leeds 090D,297.861338992272,5.91145833333333,15,42.9158110882957,87.2689938398357,96.7145790554415,75.6331279945243
E01011322,Leeds 091E,287.350320903623,3.86160714285714,15,44.558521560575,71.6632443531828,96.7145790554415,70.9787816563997
E01011323,Leeds 051A,130.708043325793,2.59027777777778,6,81.3141683778234,51.0266940451745,67.7618069815195,66.7008898015058
E01011324,Leeds 046A,118.349946559181,2.86057692307692,4,84.1889117043121,54.4147843942505,44.2505133470226,60.9514031485284
E01011325,Leeds 046B,317.96882340948,1.39285714285714,3,39.6303901437372,21.3552361396304,29.2607802874743,30.082135523614
E01011326,Leeds 046C,83.8153433018271,1.6875,3,90.7597535934292,28.8501026694045,29.2607802874743,49.6235455167693
E01011327,Leeds 052A,631.025153532587,1.41875,7,10.4722792607803,21.7659137577002,75.0513347022587,35.7631759069131
E01011328,Leeds 052B,271.358558522772,2.75,6,47.4332648870637,52.5667351129363,67.7618069815195,55.9206023271732
E01011329,Leeds 051B,190.532927176338,3.30625,7,64.6817248459959,60.3696098562628,75.0513347022587,66.7008898015058
E01011330,Leeds 051C,235.969031085284,2.21022727272727,6,54.4147843942505,41.0677618069815,67.7618069815195,54.4147843942505
E01011331,Leeds 058A,351.417003935224,6.4375,7,34.0862422997947,89.3223819301848,75.0513347022587,66.1533196440794
E01011332,Leeds 046D,225.645743315566,2.13068181818182,3,57.0841889117043,39.6303901437372,29.2607802874743,41.9917864476386
E01011333,Leeds 051D,119.378755886399,2.01041666666667,2,83.7782340862423,36.5503080082136,14.5790554414784,44.9691991786448
E01011334,Leeds 058B,358.366393533221,5.21875,2,33.264887063655,83.1622176591376,14.5790554414784,43.668720054757
E01011335,Leeds 052C,224.464530735929,3.34027777777778,4,57.4948665297741,61.3963039014374,44.2505133470226,54.3805612594114
E01011336,Leeds 058C,104.300036097758,2.6125,8,87.0636550308008,51.5400410677618,80.9034907597536,73.1690622861054
E01011337,Leeds 058D,421.281661057745,3.8,3,25.4620123203285,69.8151950718686,29.2607802874743,41.5126625598905
E01011338,Leeds 064A,335.936966085839,20.4375,21,37.5770020533881,99.5893223819302,98.7679671457906,78.6447638603696
E01011339,Leeds 060A,87.6117885373315,3.828125,6,89.7330595482546,70.6365503080082,67.7618069815195,76.0438056125941
E01011340,Leeds 060B,383.738080087287,4.39583333333333,9,29.5687885010267,78.0287474332649,85.8316221765914,64.476386036961
E01011341,Leeds 061A,376.766210094705,11.35,11,30.8008213552361,97.9466119096509,91.6837782340862,73.4770704996578
E01011342,Leeds 060C,284.568098969069,5.275,5,45.3798767967146,83.7782340862423,56.6735112936345,61.9438740588638
E01011343,Leeds 061B,332.92323324366,4.98863636363636,8,38.1930184804928,81.3141683778234,80.9034907597536,66.8035592060233
E01011344,Leeds 065A,143.78819526309,7.625,7,79.0554414784394,93.4291581108829,75.0513347022587,82.5119780971937
E01011345,Leeds 061C,422.236226405075,7.70833333333333,9,24.8459958932238,94.0451745379877,85.8316221765914,68.2409308692676
E01011346,Leeds 060D,296.391737316591,4.07352941176471,12,43.5318275154004,74.1273100616017,93.3264887063655,70.3285420944559
E01011347,Leeds 065B,265.488165957466,1,2,48.4599589322382,12.5256673511294,14.5790554414784,25.1882272416153
E01011348,Leeds 065C,186.084121683008,7.8359375,15,66.1190965092403,94.2505133470226,96.7145790554415,85.6947296372348
E01011349,Leeds 065D,262.486160600131,4.5390625,14,48.870636550308,79.2607802874743,95.6878850102669,74.6064339493498
E01011350,Leeds 034A,159.683614213321,2.96875,8,73.7166324435318,55.8521560574949,80.9034907597536,70.1574264202601
E01011351,Leeds 034B,516.085267515797,12.0625,7,17.2484599589322,98.1519507186858,75.0513347022587,63.4839151266256
E01011352,Leeds 034C,78.0290902255483,10.38125,8,91.5811088295688,97.3305954825462,80.9034907597536,89.9383983572895
E01011353,Leeds 034D,500.607318526918,0,0,18.0698151950719,1.3347022587269,1.3347022587269,6.91307323750856
E01011354,Leeds 038A,379.159079650126,1.625,1,30.3901437371663,27.0020533880904,5.74948665297741,21.047227926078
E01011355,Leeds 038B,196.935910320276,1.9375,4,63.2443531827515,35.2156057494867,44.2505133470226,47.5701574264203
E01011356,Leeds 042A,174.373351004865,7.27678571428571,8,70.4312114989733,91.9917864476386,80.9034907597536,81.1088295687885
E01011357,Leeds 038C,157.835655258614,5.390625,8,74.5379876796715,84.394250513347,80.9034907597536,79.9452429842574
E01011358,Leeds 042B,271.042368256441,4.5625,3,47.6386036960986,79.6714579055442,29.2607802874743,52.1902806297057
E01011359,Leeds 042C,82.6196181704742,1.5,1,90.9650924024641,23.2032854209446,5.74948665297741,39.9726214921287
E01011360,Leeds 042D,188.289041707103,10.0625,8,65.5030800821355,97.1252566735113,80.9034907597536,81.1772758384668
E01011361,Leeds 042E,396.872385537604,5.12053571428571,11,27.5154004106776,82.5462012320329,91.6837782340862,67.2484599589323
E01011362,Leeds 081A,350.844425246959,3.60763888888889,10,34.2915811088296,65.5030800821355,89.0143737166325,62.9363449691992
E01011363,Leeds 071E,28.8731204974748,7.5,25,98.9733059548255,92.8131416837782,99.0759753593429,96.9541409993155
E01011364,Leeds 085A,205.17619223451,8.44642857142857,11,61.6016427104723,95.0718685831622,91.6837782340862,82.7857631759069
E01011366,Leeds 082A,918.36969035703,5.6375,11,4.10677618069815,86.4476386036961,91.6837782340862,60.7460643394935
E01011368,Leeds 082C,121.306158036998,3.84375,5,83.1622176591376,71.3552361396304,56.6735112936345,70.3969883641342
E01011369,Leeds 090E,93.0397568846343,3.25,8,88.911704312115,59.7535934291581,80.9034907597536,76.5229295003422
E01011370,Leeds 082D,260.846799494857,5.32291666666667,5,49.2813141683778,83.9835728952772,56.6735112936345,63.3127994524299
E01011371,Leeds 085B,339.899298886042,9.41666666666667,10,36.9609856262834,96.0985626283368,89.0143737166325,74.0246406570842
E01011372,Leeds 086C,239.903489424766,0,0,53.7987679671458,1.3347022587269,1.3347022587269,18.8227241615332
E01011373,Leeds 085C,282.680103013794,3.40625,5,45.9958932238193,63.0390143737166,56.6735112936345,55.2361396303902
E01011374,Leeds 085D,286.146548291557,0,0,45.1745379876797,1.3347022587269,1.3347022587269,15.9479808350445
E01011375,Leeds 086D,348.839861618762,0,0,35.1129363449692,1.3347022587269,1.3347022587269,12.5941136208077
E01011376,Leeds 013A,694.90149571124,3.84375,3,8.2135523613963,71.3552361396304,29.2607802874743,36.2765229295003
E01011377,Leeds 013B,345.000190086189,3.08928571428571,3,35.9342915811088,57.0841889117043,29.2607802874743,40.7597535934292
E01011378,Leeds 013C,194.36026350877,1.6875,3,63.6550308008214,28.8501026694045,29.2607802874743,40.5886379192334
E01011379,Leeds 017A,220.180737486287,3.71022727272727,5,58.5215605749487,67.9671457905544,56.6735112936345,61.0540725530459
E01011380,Leeds 016A,374.745960123763,2.90625,3,31.4168377823409,54.8254620123203,29.2607802874743,38.5010266940452
E01011381,Leeds 016B,668.965875628205,2.00892857142857,2,9.03490759753593,36.3449691991786,14.5790554414784,19.9863107460643
E01011382,Leeds 013D,90.8288416182997,3.75,3,89.1170431211499,68.6858316221766,29.2607802874743,62.3545516769336
E01011383,Leeds 019A,730.64779558629,2.39423076923077,4,6.98151950718686,45.7905544147844,44.2505133470226,32.340862422998
E01011384,Leeds 017B,719.872143844722,3.625,2,7.18685831622177,65.8110882956879,14.5790554414784,29.192334017796
E01011385,Leeds 016C,484.462172392922,1.171875,2,19.7125256673511,17.0431211498973,14.5790554414784,17.1115674195756
E01011386,Leeds 016D,487.463946057767,3.50892857142857,2,19.5071868583162,64.2710472279261,14.5790554414784,32.7857631759069
E01011388,Leeds 019B,565.514886271112,1.9125,3,13.9630390143737,34.4969199178645,29.2607802874743,25.9069130732375
E01011390,Leeds 087A,185.551705055286,2.20454545454545,7,66.3244353182752,40.8624229979466,75.0513347022587,60.7460643394935
E01011391,Leeds 087B,233.163487861655,1.3125,6,54.8254620123203,19.5071868583162,67.7618069815195,47.3648186173854
E01011392,Leeds 087C,538.912853154535,2.228125,5,15.605749486653,41.4784394250513,56.6735112936345,37.9192334017796
E01011393,Leeds 103C,608.996120392482,1.63690476190476,3,11.088295687885,27.5154004106776,29.2607802874743,22.621492128679
E01011394,Leeds 103D,108.421256279278,0.909090909090909,3,85.6262833675565,10.2669404517454,29.2607802874743,41.7180013689254
E01011395,Leeds 103E,145.91641952822,0.929166666666667,3,78.4394250513347,10.6776180698152,29.2607802874743,39.4592744695414
E01011396,Leeds 074A,116.512158846834,3.91319444444444,10,84.5995893223819,72.6899383983573,89.0143737166325,82.1013004791239
E01011397,Leeds 077A,448.366299151252,2.9375,5,22.7926078028747,55.1334702258727,56.6735112936345,44.8665297741273
E01011398,Leeds 077B,228.952674937913,2.421875,3,56.0574948665298,46.8172484599589,29.2607802874743,44.0451745379877
E01011399,Leeds 074B,515.991443620799,2.33928571428571,6,17.4537987679671,44.1478439425051,67.7618069815195,43.1211498973306
E01011400,Leeds 074C,141.806367653022,2.3046875,6,79.2607802874743,43.1211498973306,67.7618069815195,63.3812457221082
E01011401,Leeds 077C,148.174276255846,1.765625,3,77.4127310061602,30.8008213552361,29.2607802874743,45.8247775496236
E01011402,Leeds 087D,669.07128943753,3.12993421052632,13,8.82956878850103,57.4948665297741,94.5585215605749,53.62765229295
E01011403,Leeds 074D,263.033022218029,2.4125,3,48.6652977412731,45.9958932238193,29.2607802874743,41.3073237508556
E01011404,Leeds 077D,784.274716329453,0.25,1,5.95482546201232,2.87474332648871,5.74948665297741,4.85968514715948
E01011405,Leeds 077E,392.045621572643,2.975,5,28.952772073922,56.0574948665298,56.6735112936345,47.2279260780288
E01011406,Leeds 057A,297.635041489928,2.5,5,43.3264887063655,49.6919917864476,56.6735112936345,49.8973305954826
E01011407,Leeds 057B,48.7136138725094,3.21428571428571,5,96.0985626283368,58.7268993839836,56.6735112936345,70.4996577686516
E01011408,Leeds 057C,147.759063886899,6.1484375,14,78.0287474332649,88.0903490759754,95.6878850102669,87.2689938398357
E01011409,Leeds 057D,175.643939387118,5.578125,9,70.0205338809035,86.2422997946612,85.8316221765914,80.6981519507187
E01011410,Leeds 057E,1093.75629887953,2.97794117647059,5,2.05338809034908,56.2628336755647,56.6735112936345,38.3299110198494
E01011411,Leeds 073A,166.616158049172,3.3425,11,72.2792607802875,61.6016427104723,91.6837782340862,75.1882272416153
E01011412,Leeds 057F,432.653504172646,2.74431818181818,10,23.8193018480493,52.3613963039014,89.0143737166325,55.0650239561944
E01011413,Leeds 069A,440.876337999011,6.27083333333333,2,22.9979466119097,88.7063655030801,14.5790554414784,42.0944558521561
E01011414,Leeds 073B,176.018553778686,1.0859375,4,69.6098562628337,14.9897330595483,44.2505133470226,42.9500342231348
E01011415,Leeds 069B,214.228642286791,4.45833333333333,5,59.7535934291581,78.2340862422998,56.6735112936345,64.8870636550308
E01011416,Leeds 069C,39.7600133167543,2.125,5,97.3305954825462,39.4250513347023,56.6735112936345,64.476386036961
E01011417,Leeds 069D,124.577437054468,2.15277777777778,5,82.5462012320329,40.041067761807,56.6735112936345,59.7535934291581
E01011418,Leeds 073C,151.01434412636,2.5,8,76.1806981519507,49.6919917864476,80.9034907597536,68.9253935660507
E01011419,Leeds 073D,696.345474686339,2.375,5,8.0082135523614,44.9691991786448,56.6735112936345,36.5503080082136
E01011420,Leeds 069E,1039.62194906295,1.390625,2,2.6694045174538,21.1498973305955,14.5790554414784,12.7994524298426
E01011421,Leeds 040A,216.782371070429,4.30357142857143,4,59.3429158110883,77.2073921971253,44.2505133470226,60.2669404517454
E01011422,Leeds 048A,35.6344206334949,4.02083333333333,6,97.5359342915811,73.5112936344969,67.7618069815195,79.6030116358659
E01011423,Leeds 047A,645.993059103149,3.25,1,10.0616016427105,59.7535934291581,5.74948665297741,25.1882272416153
E01011424,Leeds 047B,450.369285438602,4.54166666666667,3,22.17659137577,79.4661190965093,29.2607802874743,43.6344969199179
E01011425,Leeds 040B,314.935665548824,2.484375,1,40.2464065708419,48.9733059548255,5.74948665297741,31.6563997262149
E01011426,Leeds 048B,424.37859640208,0,0,24.6406570841889,1.3347022587269,1.3347022587269,9.10335386721424
E01011427,Leeds 047C,400.741402519888,6.8125,3,27.1047227926078,90.6570841889117,29.2607802874743,49.0075290896646
E01011428,Leeds 048C,148.199029106047,7.3125,10,77.2073921971253,92.4024640657084,89.0143737166325,86.208076659822
E01011429,Leeds 048D,217.278637744697,6.296875,8,58.9322381930185,88.911704312115,80.9034907597536,76.249144421629
E01011430,Leeds 053A,211.631376361807,1.5,1,60.1642710472279,23.2032854209446,5.74948665297741,29.7056810403833
E01011431,Leeds 047D,161.805497169081,3.19375,5,72.8952772073922,58.3162217659138,56.6735112936345,62.6283367556468
E01011432,Leeds 053B,117.279005748573,2.625,2,84.394250513347,51.7453798767967,14.5790554414784,50.2395619438741
E01011433,Leeds 053C,105.510429491477,6.1875,10,86.8583162217659,88.2956878850103,89.0143737166325,88.0561259411362
E01011434,Leeds 053D,144.129183839825,6.8125,3,78.8501026694045,90.6570841889117,29.2607802874743,66.2559890485969
E01011435,Leeds 044A,382.469249354368,5.04166666666667,4,30.1848049281314,81.9301848049281,44.2505133470226,52.1218343600274
E01011440,Leeds 044D,108.019561554453,6.32142857142857,7,85.8316221765914,89.1170431211499,75.0513347022587,83.3333333333333
E01011441,Leeds 044E,186.22380023073,3.90625,3,65.9137577002053,72.4845995893224,29.2607802874743,55.886379192334
E01011442,Leeds 110A,189.030786610006,6.8125,9,65.2977412731006,90.6570841889117,85.8316221765914,80.5954825462012
E01011443,Leeds 110B,247.067012438335,12.9375,6,52.1560574948665,98.9733059548255,67.7618069815195,72.9637234770705
E01011444,Leeds 110C,312.793847407399,4.1875,1,40.6570841889117,75.8726899383984,5.74948665297741,40.7597535934292
E01011445,Leeds 054A,121.341111254814,4.1875,1,82.9568788501027,75.8726899383984,5.74948665297741,54.8596851471595
E01011446,Leeds 054B,228.886403702873,2.46875,3,56.4681724845996,48.1519507186858,29.2607802874743,44.6269678302533
E01011447,Leeds 054C,90.1477495323572,1.875,2,89.3223819301848,32.5462012320329,14.5790554414784,45.482546201232
E01011448,Leeds 054D,181.687347773041,4.125,1,68.993839835729,74.9486652977413,5.74948665297741,49.8973305954826
E01011449,Leeds 054E,251.983788309237,0,0,51.3347022587269,1.3347022587269,1.3347022587269,18.0013689253936
E01011450,Leeds 038D,212.491043103781,2.5,3,59.958932238193,49.6919917864476,29.2607802874743,46.3039014373717
E01011451,Leeds 110D,394.35041601306,0,0,28.1314168377823,1.3347022587269,1.3347022587269,10.2669404517454
E01011452,Leeds 027A,537.988406546124,2.77083333333333,6,15.8110882956879,53.1827515400411,67.7618069815195,45.5852156057495
E01011453,Leeds 028A,42.1187667517806,2.95,4,96.7145790554415,55.4414784394251,44.2505133470226,65.4688569472964
E01011454,Leeds 027B,154.579660498771,2.15,4,75.7700205338809,39.8357289527721,44.2505133470226,53.2854209445585
E01011455,Leeds 021A,103.02092287082,0.895833333333333,1,87.4743326488706,9.85626283367557,5.74948665297741,34.3600273785079
E01011456,Leeds 021B,464.02865034345,0.69375,2,20.7392197125257,5.74948665297741,14.5790554414784,13.6892539356605
E01011457,Leeds 027C,825.085470118097,2.62946428571429,5,5.54414784394251,51.9507186858316,56.6735112936345,38.0561259411362
E01011458,Leeds 027D,439.857232195879,2.47916666666667,5,23.4086242299795,48.5626283367557,56.6735112936345,42.8815879534565
E01011459,Leeds 021C,87.3176355598834,2.50347222222222,6,89.9383983572895,50.1026694045175,67.7618069815195,69.2676249144422
E01011460,Leeds 028B,150.45981766222,2.27083333333333,6,76.3860369609856,42.4024640657084,67.7618069815195,62.1834360027379
E01011461,Leeds 021D,606.103737109602,0,0,11.4989733059548,1.3347022587269,1.3347022587269,4.72279260780288
E01011462,Leeds 028C,194.365690403972,0.80625,3,63.4496919917865,8.0082135523614,29.2607802874743,33.5728952772074
E01011463,Leeds 028D,240.668868196081,0.966666666666667,3,53.5934291581109,11.088295687885,29.2607802874743,31.3141683778234
E01011464,Leeds 028E,62.8653020157626,2.02884615384615,6,94.2505133470226,36.9609856262834,67.7618069815195,66.3244353182752
E01011465,Leeds 027E,228.668154267601,1.625,8,56.6735112936345,27.0020533880904,80.9034907597536,54.8596851471595
E01011466,Leeds 094A,127.340218003183,3.8375,5,81.7248459958932,70.8418891170431,56.6735112936345,69.7467488021903
E01011467,Leeds 112A,219.694609685589,9.90909090909091,16,58.7268993839836,96.7145790554415,97.6386036960986,84.3600273785079
E01011468,Leeds 112B,372.530456806079,5.50446428571429,17,32.0328542094456,85.8316221765914,98.2546201232033,72.0396988364134
E01011469,Leeds 094B,575.403155924668,2.38194444444444,8,13.347022587269,45.3798767967146,80.9034907597536,46.5434633812457
E01011470,Leeds 112C,590.128574876472,3.34615384615385,7,12.7310061601643,61.8069815195072,75.0513347022587,49.8631074606434
E01011471,Leeds 092A,56.889422365072,4.2,9,95.0718685831622,76.1806981519507,85.8316221765914,85.6947296372348
E01011472,Leeds 092B,297.844905717214,2.88392857142857,7,43.1211498973306,54.6201232032854,75.0513347022587,57.5975359342916
E01011473,Leeds 092C,276.091594313729,3.14583333333333,5,46.8172484599589,58.1108829568789,56.6735112936345,53.8672142368241
E01011474,Leeds 092D,111.746658839856,3.1375,5,85.4209445585216,57.905544147844,56.6735112936345,66.6666666666667
E01011475,Leeds 094C,184.862853794973,4.375,6,66.735112936345,77.7207392197125,67.7618069815195,70.7392197125257
E01011476,Leeds 094D,288.919859335152,4.15625,4,44.1478439425051,75.3593429158111,44.2505133470226,54.5859000684463
E01011477,Leeds 045A,157.957450314792,5.10119047619048,12,74.3326488706366,82.3408624229979,93.3264887063655,83.3333333333333
E01011478,Leeds 056A,199.255383788318,6.8125,3,62.6283367556468,90.6570841889117,29.2607802874743,60.848733744011
E01011479,Leeds 056B,532.666383401679,0,0,16.4271047227926,1.3347022587269,1.3347022587269,6.36550308008214
E01011480,Leeds 045B,258.691182515152,5.078125,3,49.8973305954826,82.1355236139631,29.2607802874743,53.7645448323067
E01011481,Leeds 056C,343.559704862117,6.6875,12,36.1396303901437,90.1437371663244,93.3264887063655,73.2032854209446
E01011482,Leeds 056D,75.3509021256492,7.1328125,8,92.1971252566735,91.7864476386037,80.9034907597536,88.2956878850103
E01011483,Leeds 056E,79.2626571830477,6.0390625,12,91.3757700205339,87.6796714579056,93.3264887063655,90.7939767282683
E01011484,Leeds 033A,581.478641668678,2.75625,4,13.1416837782341,52.7720739219713,44.2505133470226,36.7214236824093
E01011485,Leeds 033B,260.628776162574,4.671875,8,49.4866529774127,80.1848049281314,80.9034907597536,70.1916495550993
E01011488,Leeds 045C,350.790597158333,4.2375,5,34.4969199178645,76.3860369609856,56.6735112936345,55.8521560574949
E01011489,Leeds 045D,182.564749078992,4.90625,4,68.3778234086242,81.1088295687885,44.2505133470226,64.5790554414785
E01011491,Leeds 101A,137.380491655171,2.41666666666667,1,79.6714579055442,46.611909650924,5.74948665297741,44.0109514031485
E01011492,Leeds 101B,15.3718020220723,3.66477272727273,6,99.5893223819302,66.735112936345,67.7618069815195,78.0287474332649
E01011493,Leeds 101C,302.469998208886,3.90178571428571,12,42.299794661191,72.0739219712526,93.3264887063655,69.233401779603
E01011494,Leeds 101D,278.791525455684,4.484375,9,46.2012320328542,78.4394250513347,85.8316221765914,70.1574264202601
E01011496,Leeds 100A,169.713295213089,3.42307692307692,6,71.2525667351129,63.6550308008214,67.7618069815195,67.5564681724846
E01011497,Leeds 101E,462.53102043954,3.80208333333333,6,21.1498973305955,70.0205338809035,67.7618069815195,52.9774127310062
E01011500,Leeds 105D,94.8456299305876,2.22265625,1,88.5010266940452,41.2731006160164,5.74948665297741,45.1745379876797
E01011502,Leeds 099C,406.367725054577,1.01388888888889,4,26.694045174538,13.1416837782341,44.2505133470226,28.0287474332649
E01011504,Leeds 032A,238.572220814998,1.99305555555556,2,54.0041067761807,36.1396303901437,14.5790554414784,34.9075975359343
E01011505,Leeds 025A,207.021754430376,0.965,5,60.9856262833676,10.8829568788501,56.6735112936345,42.8473648186174
E01011506,Leeds 025B,209.955387741675,2.375,3,60.5749486652977,44.9691991786448,29.2607802874743,44.9349760438056
E01011507,Leeds 025C,304.09007624834,1.90625,4,42.0944558521561,34.2915811088296,44.2505133470226,40.2121834360027
E01011508,Leeds 024A,190.784799901372,2.09375,3,64.2710472279261,38.6036960985626,29.2607802874743,44.0451745379877
E01011509,Leeds 023A,121.273757046829,1.65625,3,83.3675564681725,27.9260780287474,29.2607802874743,46.8514715947981
E01011510,Leeds 025D,157.776769556118,2.11875,5,74.7433264887064,39.2197125256674,56.6735112936345,56.8788501026694
E01011511,Leeds 023B,253.743516556065,3.79166666666667,4,50.7186858316222,69.4045174537988,44.2505133470226,54.7912388774812
E01011512,Leeds 023C,99.4964978861012,4.52916666666667,11,88.2956878850103,78.8501026694045,91.6837782340862,86.2765229295004
E01011513,Leeds 031A,385.648821580372,1.66666666666667,1,29.3634496919918,28.3367556468173,5.74948665297741,21.1498973305955
E01011514,Leeds 025E,75.5422469040042,3.23214285714286,10,91.9917864476386,58.9322381930185,89.0143737166325,79.9794661190965
E01011515,Leeds 023D,159.029117561693,6.48958333333333,9,73.9219712525667,89.7330595482546,85.8316221765914,83.1622176591376
E01011516,Leeds 023E,415.887549936612,12.25,7,25.8726899383984,98.5626283367557,75.0513347022587,66.4955509924709
E01011517,Leeds 024B,593.261314826952,2.0703125,4,12.3203285420945,37.782340862423,44.2505133470226,31.45106091718
E01011518,Leeds 093A,76.171877097314,4.04166666666667,4,91.7864476386037,73.9219712525667,44.2505133470226,69.9863107460644
E01011519,Leeds 095A,462.330941758781,1.30113636363636,4,21.3552361396304,19.0965092402464,44.2505133470226,28.2340862422998
E01011520,Leeds 096A,182.809346867161,1.97321428571429,5,67.9671457905544,35.9342915811088,56.6735112936345,53.5249828884326
E01011521,Leeds 096B,248.545139122093,2.51077586206897,4,51.9507186858316,50.5133470225873,44.2505133470226,48.9048596851472
E01011522,Leeds 095B,300.88532877124,4.25,4,42.5051334702259,76.5913757700205,44.2505133470226,54.4490075290897
E01011523,Leeds 096C,296.33783346017,3.30729166666667,2,43.7371663244353,60.5749486652977,14.5790554414784,39.6303901437372
E01011524,Leeds 093B,232.875312179325,4.03125,4,55.0308008213552,73.7166324435318,44.2505133470226,57.6659822039699
E01011525,Leeds 095C,57.6188628571871,2.41477272727273,7,94.8665297741273,46.3039014373717,75.0513347022587,72.0739219712526
E01011526,Leeds 093C,518.984659924547,4,3,17.0431211498973,73.305954825462,29.2607802874743,39.8699520876112
E01011527,Leeds 096D,500.197023015332,0.322916666666667,3,18.2751540041068,3.28542094455852,29.2607802874743,16.9404517453799
E01011528,Leeds 095D,545.351949123109,3.375,2,14.7843942505133,62.5256673511294,14.5790554414784,30.6297056810404
E01011529,Leeds 096E,131.030299566937,1,1,81.1088295687885,12.5256673511294,5.74948665297741,33.1279945242984
E01011530,Leeds 106A,1217.35930400128,2.08823529411765,9,1.43737166324435,38.3983572895277,85.8316221765914,41.8891170431212
E01011531,Leeds 093D,760.710488237301,3.31944444444444,18,6.57084188911704,60.9856262833676,98.5626283367557,55.3730321697468
E01011532,Leeds 095E,147.75627145374,1.21875,3,78.2340862422998,18.0698151950719,29.2607802874743,41.854893908282
E01011533,Leeds 104A,253.328150776863,3.55,10,51.129363449692,64.6817248459959,89.0143737166325,68.2751540041068
E01011534,Leeds 106B,508.910709890734,0.828125,2,17.6591375770021,8.82956878850103,14.5790554414784,13.6892539356605
E01011535,Leeds 108A,383.247533825631,2.49583333333333,6,29.7741273100616,49.2813141683778,67.7618069815195,48.9390828199863
E01011536,Leeds 108B,382.839181307588,1.8828125,3,29.9794661190965,33.0595482546201,29.2607802874743,30.766598220397
E01011537,Leeds 107A,231.458156356554,2.15384615384615,4,55.2361396303902,40.2464065708419,44.2505133470226,46.5776865160849
E01011538,Leeds 107B,973.336209572086,1.34722222222222,8,3.49075975359343,20.1232032854209,80.9034907597536,34.839151266256
E01011540,Leeds 102B,310.666994833487,4.09659090909091,6,41.2731006160164,74.7433264887064,67.7618069815195,61.2594113620808
E01011541,Leeds 104B,182.88580977651,5.44642857142857,10,67.7618069815195,84.9075975359343,89.0143737166325,80.5612594113621
E01011545,Leeds 104C,205.187991890237,1.27272727272727,3,61.3963039014374,18.6858316221766,29.2607802874743,36.4476386036961
E01011546,Leeds 106C,590.904498137098,1.58854166666667,3,12.5256673511294,25.8726899383984,29.2607802874743,22.5530458590007
E01011547,Leeds 104D,149.659225137975,1.75328947368421,6,76.7967145790555,30.5954825462012,67.7618069815195,58.3846680355921
E01011548,Leeds 106D,857.324116204381,2.41477272727273,7,5.13347022587269,46.3039014373717,75.0513347022587,42.1629021218344
E01011549,Leeds 108C,452.548322612448,2.4375,2,21.9712525667351,47.4332648870637,14.5790554414784,27.9945242984257
E01011550,Leeds 106E,236.337158374244,1.8375,8,54.2094455852156,31.8275154004107,80.9034907597536,55.64681724846
E01011551,Leeds 107C,312.725752648228,0.785714285714286,4,40.8624229979466,7.59753593429158,44.2505133470226,30.9034907597536
E01011552,Leeds 107D,220.415551792713,1.515625,5,58.3162217659138,23.9219712525667,56.6735112936345,46.3039014373717
E01011553,Leeds 108D,530.602926879257,2.375,6,16.8377823408624,44.9691991786448,67.7618069815195,43.1895961670089
E01011554,Leeds 012A,944.964664062864,0.541666666666667,2,3.69609856262834,4.31211498973306,14.5790554414784,7.52908966461328
E01011555,Leeds 018A,349.576360239889,1.5625,1,34.9075975359343,25.4620123203285,5.74948665297741,22.0396988364134
E01011556,Leeds 015A,607.193934029871,1.725,4,11.2936344969199,30.082135523614,44.2505133470226,28.5420944558522
E01011557,Leeds 015B,223.988010694824,3.9375,3,57.700205338809,72.9979466119097,29.2607802874743,53.3196440793977
E01011558,Leeds 018B,330.016684444969,2.45138888888889,6,38.8090349075975,47.6386036960986,67.7618069815195,51.4031485284052
E01011559,Leeds 018C,40.2421311364704,2.16544117647059,6,97.1252566735113,40.4517453798768,67.7618069815195,68.4462696783025
E01011560,Leeds 018D,294.453825574618,1.51785714285714,2,43.9425051334702,24.2299794661191,14.5790554414784,27.5838466803559
E01011561,Leeds 006A,1877.85219999436,3.09583333333333,4,0.410677618069815,57.2895277207392,44.2505133470226,33.9835728952772
E01011562,Leeds 012B,691.020421256511,0.745535714285714,3,8.41889117043121,6.77618069815195,29.2607802874743,14.8186173853525
E01011563,Leeds 012C,119.628404346108,1.26136363636364,4,83.5728952772074,18.2751540041068,44.2505133470226,48.6995208761123
E01011564,Leeds 012D,307.517924407832,1.5,2,41.6837782340862,23.2032854209446,14.5790554414784,26.4887063655031
E01011565,Leeds 015C,375.795565473861,1.5625,1,31.0061601642711,25.4620123203285,5.74948665297741,20.7392197125257
E01011566,Leeds 015D,278.774825895139,1,2,46.4065708418891,12.5256673511294,14.5790554414784,24.5037645448323
E01011567,Leeds 012E,448.997676299656,1.4875,2,22.5872689938398,22.7926078028747,14.5790554414784,19.9863107460643
E01011568,Leeds 015E,327.915890442107,1.1625,2,39.0143737166324,16.8377823408624,14.5790554414784,23.4770704996578
E01011569,Leeds 004A,537.552741679712,2.02901785714286,11,16.2217659137577,37.1663244353183,91.6837782340862,48.3572895277208
E01011570,Leeds 007A,637.081415316151,1.70652173913043,8,10.2669404517454,29.5687885010267,80.9034907597536,40.2464065708419
E01011571,Leeds 004B,487.705007239432,1.85,4,19.3018480492813,32.2381930184805,44.2505133470226,31.9301848049281
E01011572,Leeds 004C,17.6567430136235,0.613636363636364,8,99.3839835728953,5.13347022587269,80.9034907597536,61.8069815195072
E01011573,Leeds 004D,419.45926055977,1.15833333333333,4,25.6673511293635,16.4271047227926,44.2505133470226,28.7816563997262
E01011574,Leeds 004E,103.043372960356,2.0375,10,87.2689938398357,37.3716632443532,89.0143737166325,71.2183436002738
E01011576,Leeds 007C,324.614830666195,0.545833333333333,4,39.4250513347023,4.51745379876797,44.2505133470226,29.3976728268309
E01011578,Leeds 011D,227.870253505549,3.359375,5,56.8788501026694,62.0123203285421,56.6735112936345,58.5215605749487
E01011579,Leeds 014C,160.280920815438,2.3125,3,73.5112936344969,43.429158110883,29.2607802874743,48.7337440109514
E01011580,Leeds 014D,887.581400693913,1.88125,5,4.31211498973306,32.8542094455852,56.6735112936345,31.2799452429843
E01011581,Leeds 003A,333.443649224853,0.979166666666667,2,37.9876796714579,11.6016427104723,14.5790554414784,21.3894592744695
E01011582,Leeds 003B,1717.34838829811,1.76875,3,0.616016427104723,31.0061601642711,29.2607802874743,20.2943189596167
E01011583,Leeds 003C,184.579019098669,1.08035714285714,2,67.1457905544148,14.7843942505133,14.5790554414784,32.1697467488022
E01011584,Leeds 003D,429.832268415888,0.666666666666667,2,24.2299794661191,5.54414784394251,14.5790554414784,14.7843942505133
E01011585,Leeds 062A,569.206667583888,3.5625,1,13.7577002053388,64.8870636550308,5.74948665297741,28.1314168377823
E01011586,Leeds 066A,718.320000203401,1.5625,2,7.39219712525667,25.4620123203285,14.5790554414784,15.8110882956879
E01011587,Leeds 062B,128.623719764529,4.63333333333333,8,81.5195071868583,79.8767967145791,80.9034907597536,80.766598220397
E01011588,Leeds 039A,767.184823072117,0.9140625,3,6.16016427104723,10.4722792607803,29.2607802874743,15.2977412731006
E01011589,Leeds 039B,787.673258303242,1.77232142857143,4,5.74948665297741,31.211498973306,44.2505133470226,27.0704996577687
E01011590,Leeds 039C,359.703647262106,0.732142857142857,3,33.0595482546201,6.57084188911704,29.2607802874743,22.9637234770705
E01011591,Leeds 052D,392.4539219697,2.95535714285714,7,28.5420944558522,55.64681724846,75.0513347022587,53.0800821355236
E01011592,Leeds 039D,531.048322271374,3.70833333333333,5,16.6324435318275,67.7618069815195,56.6735112936345,47.0225872689939
E01011593,Leeds 039E,126.459739446653,2.0546875,6,81.9301848049281,37.5770020533881,67.7618069815195,62.4229979466119
E01011594,Leeds 062C,266.929487413787,1.33333333333333,4,48.2546201232033,19.917864476386,44.2505133470226,37.4743326488706
E01011595,Leeds 066B,421.711664368282,2.61111111111111,4,25.0513347022587,51.3347022587269,44.2505133470226,40.2121834360027
E01011596,Leeds 062D,541.074090749749,5.125,2,15.4004106776181,82.7515400410678,14.5790554414784,37.5770020533881
E01011597,Leeds 066C,30.0753814014511,3.78125,5,98.7679671457906,69.1991786447639,56.6735112936345,74.880219028063
E01011598,Leeds 062E,270.907999882053,3.65178571428571,6,47.8439425051335,66.3244353182752,67.7618069815195,60.6433949349761
E01011599,Leeds 066D,242.435997464222,2.32291666666667,6,52.9774127310062,43.8398357289528,67.7618069815195,54.8596851471595
E01011600,Leeds 079A,332.525319258731,2.27083333333333,3,38.3983572895277,42.4024640657084,29.2607802874743,36.6872005475702
E01011601,Leeds 079B,430.173333546156,1.01644736842105,3,24.0246406570842,13.347022587269,29.2607802874743,22.2108145106092
E01011602,Leeds 076A,288.848305080405,2.078125,4,44.35318275154,37.9876796714579,44.2505133470226,42.1971252566735
E01011603,Leeds 076B,537.567888069583,0.819444444444445,2,16.0164271047228,8.2135523613963,14.5790554414784,12.9363449691992
E01011604,Leeds 079C,216.999368769884,2.32291666666667,4,59.1375770020534,43.8398357289528,44.2505133470226,49.0759753593429
E01011605,Leeds 076C,699.240783547093,3.25,2,7.80287474332649,59.7535934291581,14.5790554414784,27.378507871321
E01011606,Leeds 076D,409.999157873852,1.875,2,26.0780287474333,32.5462012320329,14.5790554414784,24.4010951403149
E01011607,Leeds 079D,156.992655971735,1.109375,2,74.9486652977413,15.4004106776181,14.5790554414784,34.9760438056126
E01011608,Leeds 068A,350.51782063593,3.69791666666667,8,34.7022587268994,67.3511293634497,80.9034907597536,60.9856262833676
E01011609,Leeds 068B,241.691697267242,4.75,7,53.388090349076,80.4928131416838,75.0513347022587,69.6440793976728
E01011610,Leeds 068C,425.451283293068,5.73958333333333,11,24.435318275154,86.8583162217659,91.6837782340862,67.6591375770021
E01011611,Leeds 068D,182.019066713121,2.1125,6,68.7885010266941,39.0143737166324,67.7618069815195,58.5215605749487
E01011612,Leeds 079E,69.0461622983225,4.12946428571429,11,92.8131416837782,75.1540041067762,91.6837782340862,86.5503080082136
E01011613,Leeds 076E,134.520480966597,1.90340909090909,2,79.8767967145791,34.0862422997947,14.5790554414784,42.8473648186174
E01011614,Leeds 068E,603.599876264017,2.3125,2,11.7043121149897,43.429158110883,14.5790554414784,23.2375085557837
E01011615,Leeds 070A,352.19577256001,23.46875,14,33.8809034907598,99.7946611909651,95.6878850102669,76.4544832306639
E01011616,Leeds 072A,262.031868583252,4.3125,4,49.0759753593429,77.4127310061602,44.2505133470226,56.9130732375086
E01011617,Leeds 070B,55.9953369276086,12.1071428571429,15,95.482546201232,98.3572895277207,96.7145790554415,96.8514715947981
E01011618,Leeds 070C,64.1428199545616,0.75,1,93.8398357289528,7.08418891170431,5.74948665297741,35.5578370978782
E01011620,Leeds 072B,455.983494721392,2.47916666666667,4,21.7659137577002,48.5626283367557,44.2505133470226,38.1930184804928
E01011621,Leeds 070D,457.041332090874,2.35855263157895,5,21.5605749486653,44.558521560575,56.6735112936345,40.9308692676249
E01011622,Leeds 072C,190.618199090304,4.671875,7,64.476386036961,80.1848049281314,75.0513347022587,73.2375085557837
E01011623,Leeds 075B,286.819616309612,7.9375,13,44.7638603696099,94.4558521560575,94.5585215605749,77.9260780287474
E01011624,Leeds 072D,1696.32102603533,3.6875,4,0.82135523613963,66.9404517453799,44.2505133470226,37.337440109514
E01011625,Leeds 075C,363.394273420302,1.04545454545455,2,32.6488706365503,13.5523613963039,14.5790554414784,20.2600958247775
E01011626,Leeds 075D,230.220185912653,1.55357142857143,2,55.8521560574949,24.8459958932238,14.5790554414784,31.7590691307324
E01011627,Leeds 098A,400.764259267937,4.1625,10,26.8993839835729,75.564681724846,89.0143737166325,63.8261464750171
E01011628,Leeds 098B,73.703473921792,1.725,8,92.6078028747433,30.082135523614,80.9034907597536,67.864476386037
E01011629,Leeds 098C,326.123379360705,4.375,3,39.2197125256674,77.7207392197125,29.2607802874743,48.7337440109514
E01011630,Leeds 100B,873.346947501865,3.36458333333333,3,4.72279260780288,62.217659137577,29.2607802874743,32.0670773442847
E01011632,Leeds 098D,156.258840115891,3.64285714285714,3,75.1540041067762,66.1190965092403,29.2607802874743,56.8446269678303
E01011633,Leeds 098E,256.020113624775,2.4625,7,50.3080082135524,47.8439425051335,75.0513347022587,57.7344284736482
E01011634,Leeds 100C,182.607338784491,1.5390625,5,68.1724845995893,24.435318275154,56.6735112936345,49.7604380561259
E01011635,Leeds 097B,53.1474591573597,2.83088235294118,10,95.6878850102669,53.5934291581109,89.0143737166325,79.4318959616701
E01011636,Leeds 100D,1079.50072526146,1.91369047619048,9,2.25872689938398,34.7022587268994,85.8316221765914,40.9308692676249
E01011637,Leeds 097C,300.341554811806,1.60267857142857,8,42.7104722792608,26.4887063655031,80.9034907597536,50.0342231348392
E01011638,Leeds 097D,43.8961739029544,0.977272727272727,4,96.5092402464066,11.2936344969199,44.2505133470226,50.684462696783
E01011639,Leeds 100E,1063.23952291729,3.88541666666667,6,2.46406570841889,71.8685831622177,67.7618069815195,47.3648186173854
E01011641,Leeds 032B,376.778145771696,2.42613636363636,6,30.5954825462012,47.0225872689938,67.7618069815195,48.4599589322382
E01011642,Leeds 032C,598.678294237141,2.84375,3,12.1149897330596,54.0041067761807,29.2607802874743,31.7932922655715
E01011643,Leeds 037A,346.543613035137,1.05,2,35.523613963039,13.7577002053388,14.5790554414784,21.2867898699521
E01011644,Leeds 037B,393.193676171405,2.25625,5,28.3367556468173,41.6837782340862,56.6735112936345,42.2313483915127
E01011645,Leeds 032D,172.462175767945,4.09375,7,70.6365503080082,74.5379876796715,75.0513347022587,73.4086242299795
E01011646,Leeds 037C,189.059605104919,9.9375,4,65.0924024640657,96.9199178644764,44.2505133470226,68.7542778918549
E01011647,Leeds 037D,168.186034558986,8.40625,10,72.0739219712526,94.8665297741273,89.0143737166325,85.3182751540041
E01011648,Leeds 037E,386.456022152562,3.375,3,29.1581108829569,62.5256673511294,29.2607802874743,40.3148528405202
E01011649,Leeds 022B,268.655739530627,1.42045454545455,2,48.0492813141684,21.9712525667351,14.5790554414784,28.1998631074606
E01011650,Leeds 020A,1260.71063350377,1.07142857142857,5,1.23203285420945,14.476386036961,56.6735112936345,24.1273100616017
E01011651,Leeds 020B,492.616755618527,0.458333333333333,2,18.8911704312115,3.90143737166324,14.5790554414784,12.4572210814511
E01011652,Leeds 024C,170.899600747424,3.8125,2,70.8418891170431,70.3285420944559,14.5790554414784,51.9164955509925
E01011653,Leeds 020C,184.891034052528,3.6625,2,66.5297741273101,66.5297741273101,14.5790554414784,49.2128678986995
E01011654,Leeds 024D,501.16483113878,0,0,17.864476386037,1.3347022587269,1.3347022587269,6.84462696783025
E01011655,Leeds 020D,283.772787628731,4.5,2,45.5852156057495,78.6447638603696,14.5790554414784,46.2696783025325
E01011656,Leeds 035A,234.657793940503,3.7265625,4,54.6201232032854,68.3778234086242,44.2505133470226,55.7494866529774
E01011657,Leeds 035B,541.602777481494,2.07954545454545,6,15.1950718685832,38.1930184804928,67.7618069815195,40.3832991101985
E01011658,Leeds 040C,311.684722499576,3.41071428571429,3,41.0677618069815,63.2443531827515,29.2607802874743,44.5242984257358
E01011659,Leeds 035C,31.6354333796679,3.69375,5,98.5626283367557,67.1457905544148,56.6735112936345,74.1273100616017
E01011660,Leeds 040D,225.171412887702,1.75,1,57.2895277207392,30.3901437371663,5.74948665297741,31.1430527036277
E01011661,Leeds 035D,155.266061151827,4.07894736842105,17,75.3593429158111,74.3326488706366,98.2546201232033,82.6488706365503
E01011662,Leeds 040E,474.829142945358,4.27083333333333,4,20.3285420944559,76.7967145790555,44.2505133470226,47.1252566735113
E01011663,Leeds 050A,201.113995476031,3.203125,5,62.4229979466119,58.5215605749487,56.6735112936345,59.2060232717317
E01011664,Leeds 050B,176.901260484938,3.44444444444444,5,69.4045174537988,63.8603696098563,56.6735112936345,63.3127994524299
E01011665,Leeds 050C,354.611877339996,2.42708333333333,8,33.6755646817248,47.2279260780288,80.9034907597536,53.9356605065024
E01011666,Leeds 061D,271.395867443477,5.33035714285714,11,47.2279260780288,84.1889117043121,91.6837782340862,74.3668720054757
E01011667,Leeds 050D,206.514035862631,0.71875,1,61.1909650924025,6.16016427104723,5.74948665297741,24.3668720054757
E01011668,Leeds 110E,481.394991367783,0,0,19.917864476386,1.3347022587269,1.3347022587269,7.52908966461328
E01011669,Leeds 110F,63.9647462110622,3.25,2,94.0451745379877,59.7535934291581,14.5790554414784,56.1259411362081
E01011670,Leeds 055A,147.867798688498,3.25,2,77.82340862423,59.7535934291581,14.5790554414784,50.7186858316222
E01011671,Leeds 055B,144.976244704065,3.7125,13,78.6447638603696,68.1724845995893,94.5585215605749,80.4585900068446
E01011673,Leeds 064B,162.224398159662,3.625,5,72.6899383983573,65.8110882956879,56.6735112936345,65.0581793292266
E01011677,Leeds 064D,131.868996086783,7.65625,9,80.6981519507187,93.6344969199179,85.8316221765914,86.7214236824093
E01011678,Leeds 063B,331.702869887492,6.46022727272727,14,38.6036960985626,89.5277207392197,95.6878850102669,74.6064339493498
E01011681,Leeds 063D,282.93389823697,8.84375,12,45.7905544147844,95.482546201232,93.3264887063655,78.1998631074607
E01011684,Leeds 019C,253.717431424977,2.25833333333333,6,50.9240246406571,41.8891170431211,67.7618069815195,53.5249828884326
E01011685,Leeds 109A,572.863342324842,7.125,7,13.5523613963039,91.5811088295688,75.0513347022587,60.0616016427105
E01011686,Leeds 033E,230.576350509789,2.29166666666667,5,55.64681724846,42.7104722792608,56.6735112936345,51.6769336071184
E01011687,Leeds 109B,148.025806233661,1.51136363636364,5,77.6180698151951,23.6139630390144,56.6735112936345,52.6351813826147
E01011688,Leeds 031B,228.900367449994,2.171875,4,56.2628336755647,40.6570841889117,44.2505133470226,47.056810403833
E01011689,Leeds 031C,399.023965647379,1.69791666666667,2,27.3100616016427,29.3634496919918,14.5790554414784,23.750855578371
E01011690,Leeds 109C,203.783515518017,7.47916666666667,6,62.217659137577,92.6078028747433,67.7618069815195,74.19575633128
E01011691,Leeds 031D,204.82598638863,2.30357142857143,5,61.8069815195072,42.9158110882957,56.6735112936345,53.7987679671458
E01011692,Leeds 109D,650.762304488173,0.78125,1,9.44558521560575,7.39219712525667,5.74948665297741,7.52908966461328
E01011693,Leeds 109E,360.982021138682,1.203125,3,32.8542094455852,17.864476386037,29.2607802874743,26.6598220396988
E01011694,Leeds 109F,184.455663430019,9.9,6,67.5564681724846,96.5092402464066,67.7618069815195,77.2758384668036
E01011695,Leeds 019D,86.0189090443771,1.46875,3,90.3490759753593,22.5872689938398,29.2607802874743,47.3990417522245
E01011696,Leeds 006B,1369.18615062482,0.982954545454545,3,1.02669404517454,11.9096509240246,29.2607802874743,14.0657084188912
E01011697,Leeds 002A,435.900459878747,0.731854838709677,3,23.6139630390144,6.36550308008214,29.2607802874743,19.7467488021903
E01011698,Leeds 001A,132.346576098696,0.825,3,80.4928131416838,8.52156057494867,29.2607802874743,39.4250513347023
E01011699,Leeds 001B,60.6412163058542,0.875,3,94.6611909650924,9.44558521560575,29.2607802874743,44.4558521560575
E01011700,Leeds 002B,649.490162839509,0.549107142857143,4,9.85626283367557,4.72279260780288,44.2505133470226,19.6098562628337
E01011701,Leeds 001C,491.145791865882,3.3125,3,19.0965092402464,60.7802874743327,29.2607802874743,36.3791923340178
E01011702,Leeds 001D,307.639825663275,1.515625,3,41.4784394250513,23.9219712525667,29.2607802874743,31.5537303216975
E01011703,Leeds 001E,367.651224195712,1.65625,3,32.2381930184805,27.9260780287474,29.2607802874743,29.8083504449008
E01011704,Leeds 002C,118.659802277919,1.68269230769231,9,83.9835728952772,28.5420944558522,85.8316221765914,66.1190965092403
E01011705,Leeds 002D,116.361449027651,0.513392857142857,4,84.8049281314169,4.10677618069815,44.2505133470226,44.3874058863792
E01011706,Leeds 006C,763.423288786008,0.795138888888889,3,6.36550308008214,7.80287474332649,29.2607802874743,14.476386036961
E01011707,Leeds 005A,421.313577986756,0.892857142857143,2,25.2566735112936,9.65092402464066,14.5790554414784,16.4955509924709
E01011708,Leeds 006D,1134.03997227709,0.991071428571429,3,1.84804928131417,12.1149897330596,29.2607802874743,14.4079397672827
E01011709,Leeds 005B,273.578751774481,0.708333333333333,3,47.0225872689938,5.95482546201232,29.2607802874743,27.4127310061602
E01011710,Leeds 005C,33.8453471379462,1.06818181818182,3,98.3572895277207,14.1683778234086,29.2607802874743,47.2621492128679
E01011711,Leeds 005D,114.769180904696,0.380681818181818,3,85.0102669404518,3.69609856262834,29.2607802874743,39.3223819301848
E01011712,Leeds 005E,276.19344354573,0.825,3,46.611909650924,8.52156057494867,29.2607802874743,28.1314168377823
E01011713,Leeds 006E,305.483725322505,1.26953125,3,41.8891170431211,18.4804928131417,29.2607802874743,29.8767967145791
E01011714,Leeds 029A,79.6143558195597,1.45703125,6,91.170431211499,22.17659137577,67.7618069815195,60.3696098562628
E01011715,Leeds 022C,338.298502296834,1.84722222222222,5,37.3716632443532,32.0328542094456,56.6735112936345,42.0260095824778
E01011716,Leeds 029B,395.525716041359,1.3125,2,27.9260780287474,19.5071868583162,14.5790554414784,20.6707734428474
E01011717,Leeds 029C,316.732603496764,1.94791666666667,3,39.8357289527721,35.7289527720739,29.2607802874743,34.9418206707735
E01011718,Leeds 029D,210.724895440457,5.44642857142857,7,60.3696098562628,84.9075975359343,75.0513347022587,73.4428473648186
E01011719,Leeds 022D,373.357520766717,1.55,3,31.8275154004107,24.6406570841889,29.2607802874743,28.5763175906913
E01011720,Leeds 029E,169.38450431052,3.84210526315789,10,71.4579055441479,71.047227926078,89.0143737166325,77.1731690622861
E01011721,Leeds 041A,179.84841923197,5.6640625,8,69.1991786447639,86.652977412731,80.9034907597536,78.9185489390828
E01011722,Leeds 041B,656.751211623831,3.02777777777778,2,9.24024640657084,56.6735112936345,14.5790554414784,26.8309377138946
E01011723,Leeds 041C,131.336034265477,5.16666666666667,2,80.9034907597536,82.9568788501027,14.5790554414784,59.4798083504449
E01011724,Leeds 041D,114.326945547593,3.75,1,85.2156057494867,68.6858316221766,5.74948665297741,53.2169746748802
E01011725,Leeds 078A,43.9779033534597,2.02604166666667,3,96.3039014373717,36.7556468172485,29.2607802874743,54.1067761806982
E01011726,Leeds 080A,249.675819018654,1.16071428571429,4,51.5400410677618,16.6324435318275,44.2505133470226,37.4743326488706
E01011727,Leeds 080B,601.898764173731,1.80078125,7,11.9096509240246,31.4168377823409,75.0513347022587,39.4592744695414
E01011728,Leeds 080C,449.600644362097,1.7125,4,22.3819301848049,29.7741273100616,44.2505133470226,32.135523613963
E01011729,Leeds 078B,35.2340273286972,1.94711538461538,4,97.741273100616,35.523613963039,44.2505133470226,59.1718001368925
E01011730,Leeds 078C,49.6591252686525,1.18303571428571,6,95.8932238193019,17.2484599589322,67.7618069815195,60.3011635865845
E01011731,Leeds 081B,60.7812734819255,0.84375,1,94.4558521560575,9.13757700205339,5.74948665297741,36.4476386036961
E01011732,Leeds 081C,193.741911018043,1.375,4,63.8603696098563,20.7392197125257,44.2505133470226,42.9500342231348
E01011733,Leeds 081D,408.488241212526,1.9,1,26.2833675564682,33.6755646817248,5.74948665297741,21.9028062970568
E01011734,Leeds 083A,1171.94032174599,2.51973684210526,6,1.64271047227926,50.7186858316222,67.7618069815195,40.041067761807
E01011735,Leeds 078D,241.754019976104,4.53125,3,53.1827515400411,79.0554414784394,29.2607802874743,53.832991101985
E01011736,Leeds 083B,106.069932298323,3.38636363636364,6,86.2422997946612,62.8336755646817,67.7618069815195,72.2792607802875
E01011737,Leeds 083C,25.4385473743111,2.46875,6,99.1786447638604,48.1519507186858,67.7618069815195,71.6974674880219
E01011738,Leeds 083D,556.179147733653,3.79861111111111,6,14.5790554414784,69.6098562628337,67.7618069815195,50.6502395619439
E01011739,Leeds 080D,34.553294563254,1.903125,5,98.1519507186858,33.8809034907598,56.6735112936345,62.90212183436
E01032487,Leeds 097F,160.565015782947,1.1875,4,73.305954825462,17.5564681724846,44.2505133470226,45.0376454483231
E01032488,Leeds 097G,155.114672869338,3.60714285714286,8,75.564681724846,65.2977412731006,80.9034907597536,73.9219712525667
E01032489,Leeds 102F,316.128620903965,1.625,1,40.041067761807,27.0020533880904,5.74948665297741,24.2642026009582
E01032490,Leeds 102G,5.88857868663431,1.3125,2,100,19.5071868583162,14.5790554414784,44.6954140999316
E01032491,Leeds 102H,616.440838028266,0.84375,2,10.8829568788501,9.13757700205339,14.5790554414784,11.533196440794
E01032492,Leeds 102I,188.015661339386,3,9,65.7084188911704,56.4681724845996,85.8316221765914,69.3360711841205
E01032493,Leeds 033F,286.201344775469,4.8125,3,44.9691991786448,80.9034907597536,29.2607802874743,51.7111567419576
E01032494,Leeds 033G,364.213000010247,3.90277777777778,5,32.4435318275154,72.2792607802875,56.6735112936345,53.7987679671458
E01032496,Leeds 105F,101.865884167972,2.765625,4,87.6796714579056,52.9774127310062,44.2505133470226,61.6358658453114
E01032497,Leeds 099E,869.498160404267,1.69444444444444,5,4.92813141683778,29.1581108829569,56.6735112936345,30.2532511978097
E01032498,Leeds 099F,624.266387112933,5.25568181818182,9,10.6776180698152,83.5728952772074,85.8316221765914,60.0273785078713
E01032499,Leeds 067G,333.669965278383,4.30113636363636,7,37.782340862423,77.0020533880904,75.0513347022587,63.2785763175907
E01032500,Leeds 067H,133.81107478694,2.484375,4,80.082135523614,48.9733059548255,44.2505133470226,57.7686516084874
E01032501,Leeds 017E,471.925409809818,3.546875,2,20.5338809034908,64.476386036961,14.5790554414784,33.1964407939767
E01032502,Leeds 017F,168.186274795604,3.05288461538462,3,71.8685831622177,56.8788501026694,29.2607802874743,52.6694045174538
E01032503,Leeds 007E,649.748318501135,1.80172413793103,5,9.65092402464066,31.6221765913758,56.6735112936345,32.6488706365503
E01032504,Leeds 007F,86.6491881878032,1.40625,1,90.1437371663244,21.5605749486653,5.74948665297741,39.1512662559891
E01032606,Leeds 067I,105.851875622218,1.29910714285714,5,86.652977412731,18.8911704312115,56.6735112936345,54.072553045859
E01032607,Leeds 067J,190.18470240643,1.9296875,5,64.8870636550308,34.9075975359343,56.6735112936345,52.1560574948665
E01032608,Leeds 067K,258.305777594162,2.7125,6,50.1026694045175,52.1560574948665,67.7618069815195,56.6735112936345
E01032876,Leeds 109G,355.543984052532,1.89204545454545,4,33.4702258726899,33.264887063655,44.2505133470226,36.9952087611225
E01032946,Leeds 110G,168.285574028527,9.16666666666667,9,71.6632443531828,95.8932238193019,85.8316221765914,84.4626967830253
E01033002,Leeds 055F,184.504628093032,7.9765625,14,67.3511293634497,94.6611909650924,95.6878850102669,85.9000684462697
E01033003,Leeds 055G,85.1858524402392,12.3125,13,90.5544147843943,98.7679671457906,94.5585215605749,94.6269678302533
E01033008,Leeds 111A,243.579274597506,9.09375,33,52.7720739219713,95.6878850102669,99.3839835728953,82.6146475017112
E01033010,Leeds 111B,140.084205513776,8.52757352941176,71,79.4661190965093,95.2772073921971,100,91.5811088295688
E01033011,Leeds 111C,64.5500931472321,4.78485576923077,61,93.6344969199179,80.6981519507187,99.7946611909651,91.3757700205339
E01033013,Leeds 082E,158.374121347738,5.7734375,15,74.1273100616017,87.0636550308008,96.7145790554415,85.968514715948
E01033015,Leeds 111D,107.989534847071,10.8303571428571,25,86.0369609856263,97.5359342915811,99.0759753593429,94.2162902121834
E01033016,Leeds 111E,40.5630119946211,9.43125,37,96.9199178644764,96.3039014373717,99.5893223819302,97.6043805612594
E01033021,Leeds 075E,74.6906048639175,7.61363636363636,16,92.4024640657084,93.2238193018481,97.6386036960986,94.4216290212183
E01033031,Leeds 064E,375.314855175598,7.0546875,13,31.211498973306,91.3757700205339,94.5585215605749,72.3819301848049
E01033033,Leeds 075F,260.146141208358,1.1875,1,49.6919917864476,17.5564681724846,5.74948665297741,24.3326488706366
E01033034,Leeds 075G,67.6309532897007,5.22916666666667,8,93.2238193018481,83.3675564681725,80.9034907597536,85.8316221765914
E01033035,Leeds 064F,150.389938291322,7.025,6,76.5913757700205,91.170431211499,67.7618069815195,78.507871321013
E01035040,Leeds 044G,341.40727719074,6.0625,3,36.7556468172485,87.8850102669405,29.2607802874743,51.3004791238878
E01035041,Leeds 044H,197.567577997817,5.5625,4,63.0390143737166,86.0369609856263,44.2505133470226,64.4421629021218
E01035042,Leeds 055I,223.855980046329,7.70535714285714,8,57.905544147844,93.8398357289528,80.9034907597536,77.5496235455168
E01035043,Leeds 055J,175.423221709881,7.28125,8,70.2258726899384,92.1971252566735,80.9034907597536,81.1088295687885
E01035044,Leeds 063F,68.423944074827,5.95833333333333,7,93.0184804928131,87.4743326488706,75.0513347022587,85.1813826146475
E01035045,Leeds 063G,463.799752105998,0,0,20.9445585215606,1.3347022587269,1.3347022587269,7.87132101300479
E01035046,Leeds 082G,230.813282860986,25.1875,13,55.4414784394251,100,94.5585215605749,83.3333333333333
E01035047,Leeds 082H,543.853404812256,0,0,14.9897330595483,1.3347022587269,1.3347022587269,5.88637919233402
E01035048,Leeds 099G,34.9654104439781,3.41911764705882,10,97.9466119096509,63.4496919917865,89.0143737166325,83.4702258726899
E01035049,Leeds 099H,100.456731789515,1.375,5,87.8850102669405,20.7392197125257,56.6735112936345,55.0992470910336
E01035050,Leeds 105G,165.115259432446,0.75,3,72.4845995893224,7.08418891170431,29.2607802874743,36.2765229295004
E01035051,Leeds 105H,562.39425612658,1.0625,3,14.3737166324435,13.9630390143737,29.2607802874743,19.1991786447639
E01035052,Leeds 105I,66.0506735138815,0.8984375,4,93.4291581108829,10.0616016427105,44.2505133470226,49.2470910335387
E01035053,Leeds 105J,944.286334375958,0.651785714285714,3,3.90143737166324,5.3388090349076,29.2607802874743,12.8336755646817
E01035054,Leeds 112F,348.585401868797,6.21875,16,35.3182751540041,88.5010266940452,97.6386036960986,73.8193018480493
