id,opportunity,percentile,cutoff,accessibility
E01011264,jobs,50,30,1575
E01011264,jobs,50,45,9675
E01011264,jobs,50,60,19675
E01011265,jobs,50,30,8675
E01011265,jobs,50,45,16650
E01011265,jobs,50,60,30225
E01011266,jobs,50,30,800
E01011266,jobs,50,45,800
E01011266,jobs,50,60,800
E01011267,jobs,50,30,3525
E01011267,jobs,50,45,10175
E01011267,jobs,50,60,16575
E01011268,jobs,50,30,325
E01011268,jobs,50,45,9775
E01011268,jobs,50,60,16575
E01011269,jobs,50,30,1575
E01011269,jobs,50,45,9675
E01011269,jobs,50,60,19675
E01011270,jobs,50,30,0
E01011270,jobs,50,45,0
E01011270,jobs,50,60,0
E01011271,jobs,50,30,3775
E01011271,jobs,50,45,10975
E01011271,jobs,50,60,15900
E01011272,jobs,50,30,2950
E01011272,jobs,50,45,12300
E01011272,jobs,50,60,23000
E01011273,jobs,50,30,8775
E01011273,jobs,50,45,14100
E01011273,jobs,50,60,26075
E01011274,jobs,50,30,5850
E01011274,jobs,50,45,20425
E01011274,jobs,50,60,48300
E01011275,jobs,50,30,7975
E01011275,jobs,50,45,14000
E01011275,jobs,50,60,26075
E01011276,jobs,50,30,6650
E01011276,jobs,50,45,26225
E01011276,jobs,50,60,111600
E01011277,jobs,50,30,2300
E01011277,jobs,50,45,6875
E01011277,jobs,50,60,23800
E01011278,jobs,50,30,11025
E01011278,jobs,50,45,26500
E01011278,jobs,50,60,109290
E01011279,jobs,50,30,300
E01011279,jobs,50,45,300
E01011279,jobs,50,60,300
E01011280,jobs,50,30,3725
E01011280,jobs,50,45,10175
E01011280,jobs,50,60,15900
E01011281,jobs,50,30,825
E01011281,jobs,50,45,6100
E01011281,jobs,50,60,77725
E01011282,jobs,50,30,6025
E01011282,jobs,50,45,71870
E01011282,jobs,50,60,291685
E01011283,jobs,50,30,11900
E01011283,jobs,50,45,227765
E01011283,jobs,50,60,389980
E01011284,jobs,50,30,11050
E01011284,jobs,50,45,150590
E01011284,jobs,50,60,299325
E01011286,jobs,50,30,14175
E01011286,jobs,50,45,216830
E01011286,jobs,50,60,388205
E01011287,jobs,50,30,11375
E01011287,jobs,50,45,69530
E01011287,jobs,50,60,282950
E01011292,jobs,50,30,94490
E01011292,jobs,50,45,251170
E01011292,jobs,50,60,386035
E01011293,jobs,50,30,115825
E01011293,jobs,50,45,276995
E01011293,jobs,50,60,414925
E01011294,jobs,50,30,49500
E01011294,jobs,50,45,244645
E01011294,jobs,50,60,361580
E01011295,jobs,50,30,4450
E01011295,jobs,50,45,45630
E01011295,jobs,50,60,276685
E01011296,jobs,50,30,450
E01011296,jobs,50,45,450
E01011296,jobs,50,60,450
E01011297,jobs,50,30,0
E01011297,jobs,50,45,0
E01011297,jobs,50,60,0
E01011298,jobs,50,30,0
E01011298,jobs,50,45,0
E01011298,jobs,50,60,0
E01011299,jobs,50,30,600
E01011299,jobs,50,45,600
E01011299,jobs,50,60,600
E01011300,jobs,50,30,400
E01011300,jobs,50,45,24335
E01011300,jobs,50,60,42760
E01011301,jobs,50,30,2060
E01011301,jobs,50,45,25135
E01011301,jobs,50,60,47165
E01011302,jobs,50,30,525
E01011302,jobs,50,45,4585
E01011302,jobs,50,60,32710
E01011303,jobs,50,30,1125
E01011303,jobs,50,45,24735
E01011303,jobs,50,60,46835
E01011304,jobs,50,30,1400
E01011304,jobs,50,45,29360
E01011304,jobs,50,60,57065
E01011305,jobs,50,30,1150
E01011305,jobs,50,45,9360
E01011305,jobs,50,60,45440
E01011306,jobs,50,30,75
E01011306,jobs,50,45,75
E01011306,jobs,50,60,75
E01011307,jobs,50,30,400
E01011307,jobs,50,45,8450
E01011307,jobs,50,60,31305
E01011308,jobs,50,30,3350
E01011308,jobs,50,45,17565
E01011308,jobs,50,60,57890
E01011309,jobs,50,30,350
E01011309,jobs,50,45,350
E01011309,jobs,50,60,8150
E01011310,jobs,50,30,200
E01011310,jobs,50,45,950
E01011310,jobs,50,60,16125
E01011311,jobs,50,30,350
E01011311,jobs,50,45,350
E01011311,jobs,50,60,350
E01011312,jobs,50,30,102490
E01011312,jobs,50,45,270840
E01011312,jobs,50,60,380035
E01011313,jobs,50,30,19215
E01011313,jobs,50,45,72115
E01011313,jobs,50,60,284790
E01011314,jobs,50,30,10965
E01011314,jobs,50,45,111490
E01011314,jobs,50,60,301390
E01011315,jobs,50,30,12465
E01011315,jobs,50,45,81715
E01011315,jobs,50,60,289870
E01011316,jobs,50,30,53665
E01011316,jobs,50,45,239090
E01011316,jobs,50,60,365735
E01011317,jobs,50,30,62525
E01011317,jobs,50,45,223790
E01011317,jobs,50,60,364870
E01011318,jobs,50,30,18625
E01011318,jobs,50,45,116515
E01011318,jobs,50,60,311670
E01011319,jobs,50,30,56540
E01011319,jobs,50,45,244465
E01011319,jobs,50,60,371980
E01011320,jobs,50,30,56540
E01011320,jobs,50,45,208765
E01011320,jobs,50,60,360320
E01011321,jobs,50,30,20390
E01011321,jobs,50,45,143590
E01011321,jobs,50,60,310395
E01011322,jobs,50,30,13440
E01011322,jobs,50,45,136890
E01011322,jobs,50,60,292325
E01011323,jobs,50,30,5700
E01011323,jobs,50,45,45700
E01011323,jobs,50,60,288685
E01011324,jobs,50,30,6350
E01011324,jobs,50,45,138020
E01011324,jobs,50,60,321070
E01011325,jobs,50,30,2325
E01011325,jobs,50,45,12850
E01011325,jobs,50,60,160745
E01011326,jobs,50,30,9700
E01011326,jobs,50,45,133170
E01011326,jobs,50,60,276535
E01011327,jobs,50,30,275
E01011327,jobs,50,45,4325
E01011327,jobs,50,60,24915
E01011328,jobs,50,30,9800
E01011328,jobs,50,45,39440
E01011328,jobs,50,60,244995
E01011329,jobs,50,30,4625
E01011329,jobs,50,45,32080
E01011329,jobs,50,60,208615
E01011330,jobs,50,30,875
E01011330,jobs,50,45,22240
E01011330,jobs,50,60,155930
E01011331,jobs,50,30,4800
E01011331,jobs,50,45,46170
E01011331,jobs,50,60,294860
E01011332,jobs,50,30,4150
E01011332,jobs,50,45,30995
E01011332,jobs,50,60,225060
E01011333,jobs,50,30,7000
E01011333,jobs,50,45,35345
E01011333,jobs,50,60,268685
E01011334,jobs,50,30,14750
E01011334,jobs,50,45,79370
E01011334,jobs,50,60,299110
E01011335,jobs,50,30,13040
E01011335,jobs,50,45,36030
E01011335,jobs,50,60,263890
E01011336,jobs,50,30,6375
E01011336,jobs,50,45,76170
E01011336,jobs,50,60,298285
E01011337,jobs,50,30,10675
E01011337,jobs,50,45,64365
E01011337,jobs,50,60,267570
E01011338,jobs,50,30,172900
E01011338,jobs,50,45,330785
E01011338,jobs,50,60,406770
E01011339,jobs,50,30,32150
E01011339,jobs,50,45,209505
E01011339,jobs,50,60,333180
E01011340,jobs,50,30,16000
E01011340,jobs,50,45,83945
E01011340,jobs,50,60,255205
E01011341,jobs,50,30,58800
E01011341,jobs,50,45,182085
E01011341,jobs,50,60,325080
E01011342,jobs,50,30,15925
E01011342,jobs,50,45,85870
E01011342,jobs,50,60,276285
E01011343,jobs,50,30,7825
E01011343,jobs,50,45,130310
E01011343,jobs,50,60,312555
E01011344,jobs,50,30,72025
E01011344,jobs,50,45,247045
E01011344,jobs,50,60,351310
E01011345,jobs,50,30,24400
E01011345,jobs,50,45,136295
E01011345,jobs,50,60,294100
E01011346,jobs,50,30,18500
E01011346,jobs,50,45,173635
E01011346,jobs,50,60,323855
E01011347,jobs,50,30,72225
E01011347,jobs,50,45,225405
E01011347,jobs,50,60,350830
E01011348,jobs,50,30,73260
E01011348,jobs,50,45,260660
E01011348,jobs,50,60,369155
E01011349,jobs,50,30,78400
E01011349,jobs,50,45,260285
E01011349,jobs,50,60,382070
E01011350,jobs,50,30,61595
E01011350,jobs,50,45,214955
E01011350,jobs,50,60,330195
E01011351,jobs,50,30,12525
E01011351,jobs,50,45,121295
E01011351,jobs,50,60,289805
E01011352,jobs,50,30,73445
E01011352,jobs,50,45,250355
E01011352,jobs,50,60,352770
E01011353,jobs,50,30,13125
E01011353,jobs,50,45,150795
E01011353,jobs,50,60,302480
E01011354,jobs,50,30,11070
E01011354,jobs,50,45,136385
E01011354,jobs,50,60,314720
E01011355,jobs,50,30,8320
E01011355,jobs,50,45,152615
E01011355,jobs,50,60,304890
E01011356,jobs,50,30,98900
E01011356,jobs,50,45,280195
E01011356,jobs,50,60,364610
E01011357,jobs,50,30,67095
E01011357,jobs,50,45,247240
E01011357,jobs,50,60,345245
E01011358,jobs,50,30,57020
E01011358,jobs,50,45,225490
E01011358,jobs,50,60,323545
E01011359,jobs,50,30,73945
E01011359,jobs,50,45,178565
E01011359,jobs,50,60,317695
E01011360,jobs,50,30,102425
E01011360,jobs,50,45,288120
E01011360,jobs,50,60,368385
E01011361,jobs,50,30,105750
E01011361,jobs,50,45,248545
E01011361,jobs,50,60,355760
E01011362,jobs,50,30,48075
E01011362,jobs,50,45,210390
E01011362,jobs,50,60,357725
E01011363,jobs,50,30,136250
E01011363,jobs,50,45,304410
E01011363,jobs,50,60,411665
E01011364,jobs,50,30,165515
E01011364,jobs,50,45,313910
E01011364,jobs,50,60,404585
E01011366,jobs,50,30,12025
E01011366,jobs,50,45,197265
E01011366,jobs,50,60,330135
E01011368,jobs,50,30,88065
E01011368,jobs,50,45,269690
E01011368,jobs,50,60,375715
E01011369,jobs,50,30,97640
E01011369,jobs,50,45,275895
E01011369,jobs,50,60,385860
E01011370,jobs,50,30,58715
E01011370,jobs,50,45,228915
E01011370,jobs,50,60,357320
E01011371,jobs,50,30,156215
E01011371,jobs,50,45,305135
E01011371,jobs,50,60,400760
E01011372,jobs,50,30,59390
E01011372,jobs,50,45,262340
E01011372,jobs,50,60,376810
E01011373,jobs,50,30,55565
E01011373,jobs,50,45,218240
E01011373,jobs,50,60,350390
E01011374,jobs,50,30,100115
E01011374,jobs,50,45,280840
E01011374,jobs,50,60,376435
E01011375,jobs,50,30,51315
E01011375,jobs,50,45,198515
E01011375,jobs,50,60,328845
E01011376,jobs,50,30,1125
E01011376,jobs,50,45,5950
E01011376,jobs,50,60,18215
E01011377,jobs,50,30,3725
E01011377,jobs,50,45,10475
E01011377,jobs,50,60,80970
E01011378,jobs,50,30,1000
E01011378,jobs,50,45,6725
E01011378,jobs,50,60,33565
E01011379,jobs,50,30,4425
E01011379,jobs,50,45,19865
E01011379,jobs,50,60,142715
E01011380,jobs,50,30,1125
E01011380,jobs,50,45,9090
E01011380,jobs,50,60,80765
E01011381,jobs,50,30,0
E01011381,jobs,50,45,650
E01011381,jobs,50,60,8625
E01011382,jobs,50,30,5025
E01011382,jobs,50,45,16550
E01011382,jobs,50,60,131120
E01011383,jobs,50,30,4975
E01011383,jobs,50,45,18015
E01011383,jobs,50,60,144465
E01011384,jobs,50,30,225
E01011384,jobs,50,45,5025
E01011384,jobs,50,60,18875
E01011385,jobs,50,30,1125
E01011385,jobs,50,45,9090
E01011385,jobs,50,60,80765
E01011386,jobs,50,30,8500
E01011386,jobs,50,45,71295
E01011386,jobs,50,60,217140
E01011388,jobs,50,30,3450
E01011388,jobs,50,45,11900
E01011388,jobs,50,60,124345
E01011390,jobs,50,30,1525
E01011390,jobs,50,45,19050
E01011390,jobs,50,60,117890
E01011391,jobs,50,30,775
E01011391,jobs,50,45,2275
E01011391,jobs,50,60,17655
E01011392,jobs,50,30,975
E01011392,jobs,50,45,4800
E01011392,jobs,50,60,35090
E01011393,jobs,50,30,1525
E01011393,jobs,50,45,21375
E01011393,jobs,50,60,133390
E01011394,jobs,50,30,175
E01011394,jobs,50,45,575
E01011394,jobs,50,60,5775
E01011395,jobs,50,30,1525
E01011395,jobs,50,45,21375
E01011395,jobs,50,60,133390
E01011396,jobs,50,30,23135
E01011396,jobs,50,45,37695
E01011396,jobs,50,60,125965
E01011397,jobs,50,30,2610
E01011397,jobs,50,45,23435
E01011397,jobs,50,60,34785
E01011398,jobs,50,30,2610
E01011398,jobs,50,45,21410
E01011398,jobs,50,60,31035
E01011399,jobs,50,30,4375
E01011399,jobs,50,45,24535
E01011399,jobs,50,60,41745
E01011400,jobs,50,30,4610
E01011400,jobs,50,45,23435
E01011400,jobs,50,60,34785
E01011401,jobs,50,30,2560
E01011401,jobs,50,45,23435
E01011401,jobs,50,60,34785
E01011402,jobs,50,30,175
E01011402,jobs,50,45,175
E01011402,jobs,50,60,6875
E01011403,jobs,50,30,4760
E01011403,jobs,50,45,24185
E01011403,jobs,50,60,37620
E01011404,jobs,50,30,1310
E01011404,jobs,50,45,21410
E01011404,jobs,50,60,30985
E01011405,jobs,50,30,2510
E01011405,jobs,50,45,24735
E01011405,jobs,50,60,42760
E01011406,jobs,50,30,25025
E01011406,jobs,50,45,50545
E01011406,jobs,50,60,223515
E01011407,jobs,50,30,6750
E01011407,jobs,50,45,34055
E01011407,jobs,50,60,182365
E01011408,jobs,50,30,28560
E01011408,jobs,50,45,138315
E01011408,jobs,50,60,281375
E01011409,jobs,50,30,27850
E01011409,jobs,50,45,138090
E01011409,jobs,50,60,293350
E01011410,jobs,50,30,500
E01011410,jobs,50,45,500
E01011410,jobs,50,60,500
E01011411,jobs,50,30,23185
E01011411,jobs,50,45,36520
E01011411,jobs,50,60,180340
E01011412,jobs,50,30,17300
E01011412,jobs,50,45,28235
E01011412,jobs,50,60,93720
E01011413,jobs,50,30,4785
E01011413,jobs,50,45,102870
E01011413,jobs,50,60,263665
E01011414,jobs,50,30,18425
E01011414,jobs,50,45,36370
E01011414,jobs,50,60,179365
E01011415,jobs,50,30,20035
E01011415,jobs,50,45,181120
E01011415,jobs,50,60,314205
E01011416,jobs,50,30,3000
E01011416,jobs,50,45,44435
E01011416,jobs,50,60,234515
E01011417,jobs,50,30,7160
E01011417,jobs,50,45,99810
E01011417,jobs,50,60,267865
E01011418,jobs,50,30,19375
E01011418,jobs,50,45,36020
E01011418,jobs,50,60,180465
E01011419,jobs,50,30,50
E01011419,jobs,50,45,50
E01011419,jobs,50,60,50
E01011420,jobs,50,30,2250
E01011420,jobs,50,45,2250
E01011420,jobs,50,60,2250
E01011421,jobs,50,30,24145
E01011421,jobs,50,45,156470
E01011421,jobs,50,60,278265
E01011422,jobs,50,30,111870
E01011422,jobs,50,45,268345
E01011422,jobs,50,60,365285
E01011423,jobs,50,30,20220
E01011423,jobs,50,45,87095
E01011423,jobs,50,60,256230
E01011424,jobs,50,30,23145
E01011424,jobs,50,45,156295
E01011424,jobs,50,60,290765
E01011425,jobs,50,30,6820
E01011425,jobs,50,45,82020
E01011425,jobs,50,60,227240
E01011426,jobs,50,30,81120
E01011426,jobs,50,45,255820
E01011426,jobs,50,60,341620
E01011427,jobs,50,30,22570
E01011427,jobs,50,45,156545
E01011427,jobs,50,60,292140
E01011428,jobs,50,30,110395
E01011428,jobs,50,45,260045
E01011428,jobs,50,60,361510
E01011429,jobs,50,30,110270
E01011429,jobs,50,45,259245
E01011429,jobs,50,60,363335
E01011430,jobs,50,30,32170
E01011430,jobs,50,45,175720
E01011430,jobs,50,60,306990
E01011431,jobs,50,30,17745
E01011431,jobs,50,45,86270
E01011431,jobs,50,60,257255
E01011432,jobs,50,30,33200
E01011432,jobs,50,45,214670
E01011432,jobs,50,60,321755
E01011433,jobs,50,30,72250
E01011433,jobs,50,45,248470
E01011433,jobs,50,60,351310
E01011434,jobs,50,30,78870
E01011434,jobs,50,45,256450
E01011434,jobs,50,60,356320
E01011435,jobs,50,30,64945
E01011435,jobs,50,45,236210
E01011435,jobs,50,60,337170
E01011440,jobs,50,30,117345
E01011440,jobs,50,45,263820
E01011440,jobs,50,60,371635
E01011441,jobs,50,30,65470
E01011441,jobs,50,45,230735
E01011441,jobs,50,60,340470
E01011442,jobs,50,30,114420
E01011442,jobs,50,45,267610
E01011442,jobs,50,60,372950
E01011443,jobs,50,30,106695
E01011443,jobs,50,45,276970
E01011443,jobs,50,60,368635
E01011444,jobs,50,30,105145
E01011444,jobs,50,45,247520
E01011444,jobs,50,60,362550
E01011445,jobs,50,30,103995
E01011445,jobs,50,45,253460
E01011445,jobs,50,60,352175
E01011446,jobs,50,30,106470
E01011446,jobs,50,45,248885
E01011446,jobs,50,60,347290
E01011447,jobs,50,30,107770
E01011447,jobs,50,45,259335
E01011447,jobs,50,60,377580
E01011448,jobs,50,30,114995
E01011448,jobs,50,45,258635
E01011448,jobs,50,60,353835
E01011449,jobs,50,30,105795
E01011449,jobs,50,45,250960
E01011449,jobs,50,60,357930
E01011450,jobs,50,30,11645
E01011450,jobs,50,45,140215
E01011450,jobs,50,60,312315
E01011451,jobs,50,30,67720
E01011451,jobs,50,45,230895
E01011451,jobs,50,60,346150
E01011452,jobs,50,30,4675
E01011452,jobs,50,45,23575
E01011452,jobs,50,60,172420
E01011453,jobs,50,30,2250
E01011453,jobs,50,45,16975
E01011453,jobs,50,60,183670
E01011454,jobs,50,30,6925
E01011454,jobs,50,45,25350
E01011454,jobs,50,60,184370
E01011455,jobs,50,30,4050
E01011455,jobs,50,45,20500
E01011455,jobs,50,60,48865
E01011456,jobs,50,30,3750
E01011456,jobs,50,45,12575
E01011456,jobs,50,60,80540
E01011457,jobs,50,30,2000
E01011457,jobs,50,45,2000
E01011457,jobs,50,60,9325
E01011458,jobs,50,30,6600
E01011458,jobs,50,45,26300
E01011458,jobs,50,60,186720
E01011459,jobs,50,30,8300
E01011459,jobs,50,45,31450
E01011459,jobs,50,60,154610
E01011460,jobs,50,30,7200
E01011460,jobs,50,45,18850
E01011460,jobs,50,60,143085
E01011461,jobs,50,30,4675
E01011461,jobs,50,45,23175
E01011461,jobs,50,60,173670
E01011462,jobs,50,30,5250
E01011462,jobs,50,45,19200
E01011462,jobs,50,60,184860
E01011463,jobs,50,30,5900
E01011463,jobs,50,45,17225
E01011463,jobs,50,60,155470
E01011464,jobs,50,30,7825
E01011464,jobs,50,45,58990
E01011464,jobs,50,60,206285
E01011465,jobs,50,30,8275
E01011465,jobs,50,45,26325
E01011465,jobs,50,60,189510
E01011466,jobs,50,30,4985
E01011466,jobs,50,45,69575
E01011466,jobs,50,60,266800
E01011467,jobs,50,30,111500
E01011467,jobs,50,45,271865
E01011467,jobs,50,60,391985
E01011468,jobs,50,30,53200
E01011468,jobs,50,45,201050
E01011468,jobs,50,60,368850
E01011469,jobs,50,30,10575
E01011469,jobs,50,45,110600
E01011469,jobs,50,60,280585
E01011470,jobs,50,30,15200
E01011470,jobs,50,45,61900
E01011470,jobs,50,60,225760
E01011471,jobs,50,30,38025
E01011471,jobs,50,45,121085
E01011471,jobs,50,60,291325
E01011472,jobs,50,30,33025
E01011472,jobs,50,45,120785
E01011472,jobs,50,60,286800
E01011473,jobs,50,30,6325
E01011473,jobs,50,45,68385
E01011473,jobs,50,60,260750
E01011474,jobs,50,30,13385
E01011474,jobs,50,45,176960
E01011474,jobs,50,60,303655
E01011475,jobs,50,30,7360
E01011475,jobs,50,45,69485
E01011475,jobs,50,60,275900
E01011476,jobs,50,30,7360
E01011476,jobs,50,45,69485
E01011476,jobs,50,60,271025
E01011477,jobs,50,30,50145
E01011477,jobs,50,45,242660
E01011477,jobs,50,60,358910
E01011478,jobs,50,30,88020
E01011478,jobs,50,45,245110
E01011478,jobs,50,60,372005
E01011479,jobs,50,30,61795
E01011479,jobs,50,45,196585
E01011479,jobs,50,60,337460
E01011480,jobs,50,30,48695
E01011480,jobs,50,45,215210
E01011480,jobs,50,60,356885
E01011481,jobs,50,30,111945
E01011481,jobs,50,45,263410
E01011481,jobs,50,60,397305
E01011482,jobs,50,30,128980
E01011482,jobs,50,45,290935
E01011482,jobs,50,60,409925
E01011483,jobs,50,30,129830
E01011483,jobs,50,45,293585
E01011483,jobs,50,60,416115
E01011484,jobs,50,30,2325
E01011484,jobs,50,45,32020
E01011484,jobs,50,60,148590
E01011485,jobs,50,30,12425
E01011485,jobs,50,45,174345
E01011485,jobs,50,60,305120
E01011488,jobs,50,30,48400
E01011488,jobs,50,45,209260
E01011488,jobs,50,60,353410
E01011489,jobs,50,30,21045
E01011489,jobs,50,45,128695
E01011489,jobs,50,60,283090
E01011491,jobs,50,30,11100
E01011491,jobs,50,45,79315
E01011491,jobs,50,60,270340
E01011492,jobs,50,30,4625
E01011492,jobs,50,45,46565
E01011492,jobs,50,60,169475
E01011493,jobs,50,30,7500
E01011493,jobs,50,45,71240
E01011493,jobs,50,60,247840
E01011494,jobs,50,30,9150
E01011494,jobs,50,45,82715
E01011494,jobs,50,60,257700
E01011496,jobs,50,30,1100
E01011496,jobs,50,45,17525
E01011496,jobs,50,60,133810
E01011497,jobs,50,30,6475
E01011497,jobs,50,45,65865
E01011497,jobs,50,60,246225
E01011500,jobs,50,30,3950
E01011500,jobs,50,45,40925
E01011500,jobs,50,60,153935
E01011502,jobs,50,30,1600
E01011502,jobs,50,45,38975
E01011502,jobs,50,60,186810
E01011504,jobs,50,30,6150
E01011504,jobs,50,45,84775
E01011504,jobs,50,60,209890
E01011505,jobs,50,30,3125
E01011505,jobs,50,45,70145
E01011505,jobs,50,60,220745
E01011506,jobs,50,30,7770
E01011506,jobs,50,45,133045
E01011506,jobs,50,60,280670
E01011507,jobs,50,30,16670
E01011507,jobs,50,45,180555
E01011507,jobs,50,60,326785
E01011508,jobs,50,30,12250
E01011508,jobs,50,45,101700
E01011508,jobs,50,60,230540
E01011509,jobs,50,30,10525
E01011509,jobs,50,45,75145
E01011509,jobs,50,60,212090
E01011510,jobs,50,30,5425
E01011510,jobs,50,45,65520
E01011510,jobs,50,60,221245
E01011511,jobs,50,30,11850
E01011511,jobs,50,45,102600
E01011511,jobs,50,60,230340
E01011512,jobs,50,30,13545
E01011512,jobs,50,45,147570
E01011512,jobs,50,60,286120
E01011513,jobs,50,30,2425
E01011513,jobs,50,45,5825
E01011513,jobs,50,60,64470
E01011514,jobs,50,30,14145
E01011514,jobs,50,45,149045
E01011514,jobs,50,60,294420
E01011515,jobs,50,30,13445
E01011515,jobs,50,45,148720
E01011515,jobs,50,60,291920
E01011516,jobs,50,30,12600
E01011516,jobs,50,45,114925
E01011516,jobs,50,60,277395
E01011517,jobs,50,30,2550
E01011517,jobs,50,45,16650
E01011517,jobs,50,60,138895
E01011518,jobs,50,30,52625
E01011518,jobs,50,45,202015
E01011518,jobs,50,60,349585
E01011519,jobs,50,30,3300
E01011519,jobs,50,45,21300
E01011519,jobs,50,60,114180
E01011520,jobs,50,30,225
E01011520,jobs,50,45,4250
E01011520,jobs,50,60,35580
E01011521,jobs,50,30,3525
E01011521,jobs,50,45,21250
E01011521,jobs,50,60,134610
E01011522,jobs,50,30,3300
E01011522,jobs,50,45,34200
E01011522,jobs,50,60,262995
E01011523,jobs,50,30,1975
E01011523,jobs,50,45,17350
E01011523,jobs,50,60,80225
E01011524,jobs,50,30,18100
E01011524,jobs,50,45,72375
E01011524,jobs,50,60,282755
E01011525,jobs,50,30,19750
E01011525,jobs,50,45,89175
E01011525,jobs,50,60,309035
E01011526,jobs,50,30,9100
E01011526,jobs,50,45,68475
E01011526,jobs,50,60,266480
E01011527,jobs,50,30,3225
E01011527,jobs,50,45,17500
E01011527,jobs,50,60,123845
E01011528,jobs,50,30,12325
E01011528,jobs,50,45,65525
E01011528,jobs,50,60,261935
E01011529,jobs,50,30,3225
E01011529,jobs,50,45,16875
E01011529,jobs,50,60,71240
E01011530,jobs,50,30,3725
E01011530,jobs,50,45,23050
E01011530,jobs,50,60,72275
E01011531,jobs,50,30,10500
E01011531,jobs,50,45,61275
E01011531,jobs,50,60,185730
E01011532,jobs,50,30,18675
E01011532,jobs,50,45,84525
E01011532,jobs,50,60,289185
E01011533,jobs,50,30,20350
E01011533,jobs,50,45,88025
E01011533,jobs,50,60,286410
E01011534,jobs,50,30,0
E01011534,jobs,50,45,0
E01011534,jobs,50,60,0
E01011535,jobs,50,30,3225
E01011535,jobs,50,45,21700
E01011535,jobs,50,60,99795
E01011536,jobs,50,30,700
E01011536,jobs,50,45,13500
E01011536,jobs,50,60,45730
E01011537,jobs,50,30,2050
E01011537,jobs,50,45,21975
E01011537,jobs,50,60,158260
E01011538,jobs,50,30,500
E01011538,jobs,50,45,3075
E01011538,jobs,50,60,21275
E01011540,jobs,50,30,9600
E01011540,jobs,50,45,46490
E01011540,jobs,50,60,196195
E01011541,jobs,50,30,15475
E01011541,jobs,50,45,54175
E01011541,jobs,50,60,174610
E01011545,jobs,50,30,10250
E01011545,jobs,50,45,35125
E01011545,jobs,50,60,116525
E01011546,jobs,50,30,2825
E01011546,jobs,50,45,19850
E01011546,jobs,50,60,53835
E01011547,jobs,50,30,16025
E01011547,jobs,50,45,53575
E01011547,jobs,50,60,174560
E01011548,jobs,50,30,575
E01011548,jobs,50,45,6950
E01011548,jobs,50,60,50845
E01011549,jobs,50,30,2425
E01011549,jobs,50,45,39150
E01011549,jobs,50,60,132945
E01011550,jobs,50,30,6125
E01011550,jobs,50,45,28200
E01011550,jobs,50,60,127070
E01011551,jobs,50,30,2050
E01011551,jobs,50,45,21975
E01011551,jobs,50,60,158260
E01011552,jobs,50,30,2575
E01011552,jobs,50,45,23375
E01011552,jobs,50,60,86730
E01011553,jobs,50,30,175
E01011553,jobs,50,45,12925
E01011553,jobs,50,60,43250
E01011554,jobs,50,30,300
E01011554,jobs,50,45,300
E01011554,jobs,50,60,300
E01011555,jobs,50,30,2350
E01011555,jobs,50,45,10745
E01011555,jobs,50,60,104320
E01011556,jobs,50,30,225
E01011556,jobs,50,45,6725
E01011556,jobs,50,60,59645
E01011557,jobs,50,30,6375
E01011557,jobs,50,45,57025
E01011557,jobs,50,60,153695
E01011558,jobs,50,30,7400
E01011558,jobs,50,45,69695
E01011558,jobs,50,60,168370
E01011559,jobs,50,30,3050
E01011559,jobs,50,45,14095
E01011559,jobs,50,60,137020
E01011560,jobs,50,30,2125
E01011560,jobs,50,45,5150
E01011560,jobs,50,60,62220
E01011561,jobs,50,30,900
E01011561,jobs,50,45,3400
E01011561,jobs,50,60,14825
E01011562,jobs,50,30,1100
E01011562,jobs,50,45,12775
E01011562,jobs,50,60,74995
E01011563,jobs,50,30,150
E01011563,jobs,50,45,150
E01011563,jobs,50,60,2975
E01011564,jobs,50,30,100
E01011564,jobs,50,45,400
E01011564,jobs,50,60,2975
E01011565,jobs,50,30,2500
E01011565,jobs,50,45,14550
E01011565,jobs,50,60,152370
E01011566,jobs,50,30,75
E01011566,jobs,50,45,6900
E01011566,jobs,50,60,59645
E01011567,jobs,50,30,1375
E01011567,jobs,50,45,4600
E01011567,jobs,50,60,16520
E01011568,jobs,50,30,225
E01011568,jobs,50,45,6900
E01011568,jobs,50,60,59645
E01011569,jobs,50,30,1750
E01011569,jobs,50,45,1750
E01011569,jobs,50,60,4050
E01011570,jobs,50,30,700
E01011570,jobs,50,45,700
E01011570,jobs,50,60,16975
E01011571,jobs,50,30,1300
E01011571,jobs,50,45,2100
E01011571,jobs,50,60,8200
E01011572,jobs,50,30,200
E01011572,jobs,50,45,700
E01011572,jobs,50,60,13600
E01011573,jobs,50,30,650
E01011573,jobs,50,45,2250
E01011573,jobs,50,60,8200
E01011574,jobs,50,30,4950
E01011574,jobs,50,45,10875
E01011574,jobs,50,60,18950
E01011576,jobs,50,30,350
E01011576,jobs,50,45,350
E01011576,jobs,50,60,350
E01011578,jobs,50,30,6550
E01011578,jobs,50,45,26175
E01011578,jobs,50,60,107675
E01011579,jobs,50,30,7375
E01011579,jobs,50,45,26425
E01011579,jobs,50,60,112790
E01011580,jobs,50,30,200
E01011580,jobs,50,45,200
E01011580,jobs,50,60,200
E01011581,jobs,50,30,800
E01011581,jobs,50,45,1300
E01011581,jobs,50,60,8200
E01011582,jobs,50,30,100
E01011582,jobs,50,45,100
E01011582,jobs,50,60,100
E01011583,jobs,50,30,450
E01011583,jobs,50,45,1300
E01011583,jobs,50,60,8200
E01011584,jobs,50,30,300
E01011584,jobs,50,45,1500
E01011584,jobs,50,60,14300
E01011585,jobs,50,30,6665
E01011585,jobs,50,45,15230
E01011585,jobs,50,60,71270
E01011586,jobs,50,30,5025
E01011586,jobs,50,45,32690
E01011586,jobs,50,60,149155
E01011587,jobs,50,30,14755
E01011587,jobs,50,45,31905
E01011587,jobs,50,60,249590
E01011588,jobs,50,30,225
E01011588,jobs,50,45,225
E01011588,jobs,50,60,5625
E01011589,jobs,50,30,300
E01011589,jobs,50,45,300
E01011589,jobs,50,60,300
E01011590,jobs,50,30,0
E01011590,jobs,50,45,0
E01011590,jobs,50,60,0
E01011591,jobs,50,30,2025
E01011591,jobs,50,45,18200
E01011591,jobs,50,60,102805
E01011592,jobs,50,30,2015
E01011592,jobs,50,45,9490
E01011592,jobs,50,60,26280
E01011593,jobs,50,30,2700
E01011593,jobs,50,45,19040
E01011593,jobs,50,60,105730
E01011594,jobs,50,30,2315
E01011594,jobs,50,45,19840
E01011594,jobs,50,60,98850
E01011595,jobs,50,30,3750
E01011595,jobs,50,45,56380
E01011595,jobs,50,60,305330
E01011596,jobs,50,30,9150
E01011596,jobs,50,45,29315
E01011596,jobs,50,60,195220
E01011597,jobs,50,30,22990
E01011597,jobs,50,45,91895
E01011597,jobs,50,60,342770
E01011598,jobs,50,30,13805
E01011598,jobs,50,45,36380
E01011598,jobs,50,60,233715
E01011599,jobs,50,30,8450
E01011599,jobs,50,45,60995
E01011599,jobs,50,60,349350
E01011600,jobs,50,30,8825
E01011600,jobs,50,45,21905
E01011600,jobs,50,60,61345
E01011601,jobs,50,30,2600
E01011601,jobs,50,45,8050
E01011601,jobs,50,60,21405
E01011602,jobs,50,30,8890
E01011602,jobs,50,45,18420
E01011602,jobs,50,60,89195
E01011603,jobs,50,30,3450
E01011603,jobs,50,45,9550
E01011603,jobs,50,60,26070
E01011604,jobs,50,30,9750
E01011604,jobs,50,45,22145
E01011604,jobs,50,60,96345
E01011605,jobs,50,30,1525
E01011605,jobs,50,45,9550
E01011605,jobs,50,60,26070
E01011606,jobs,50,30,800
E01011606,jobs,50,45,10540
E01011606,jobs,50,60,70890
E01011607,jobs,50,30,3300
E01011607,jobs,50,45,14465
E01011607,jobs,50,60,43145
E01011608,jobs,50,30,1100
E01011608,jobs,50,45,28690
E01011608,jobs,50,60,178145
E01011609,jobs,50,30,15050
E01011609,jobs,50,45,101695
E01011609,jobs,50,60,275095
E01011610,jobs,50,30,12975
E01011610,jobs,50,45,34570
E01011610,jobs,50,60,237895
E01011611,jobs,50,30,9025
E01011611,jobs,50,45,34270
E01011611,jobs,50,60,247095
E01011612,jobs,50,30,10090
E01011612,jobs,50,45,34020
E01011612,jobs,50,60,202120
E01011613,jobs,50,30,7790
E01011613,jobs,50,45,39730
E01011613,jobs,50,60,99585
E01011614,jobs,50,30,5800
E01011614,jobs,50,45,23805
E01011614,jobs,50,60,103645
E01011615,jobs,50,30,70750
E01011615,jobs,50,45,272815
E01011615,jobs,50,60,377670
E01011616,jobs,50,30,19585
E01011616,jobs,50,45,206135
E01011616,jobs,50,60,329370
E01011617,jobs,50,30,72210
E01011617,jobs,50,45,260085
E01011617,jobs,50,60,369155
E01011618,jobs,50,30,135750
E01011618,jobs,50,45,301130
E01011618,jobs,50,60,393995
E01011620,jobs,50,30,2010
E01011620,jobs,50,45,93310
E01011620,jobs,50,60,248045
E01011621,jobs,50,30,7000
E01011621,jobs,50,45,175900
E01011621,jobs,50,60,286100
E01011622,jobs,50,30,16685
E01011622,jobs,50,45,176435
E01011622,jobs,50,60,327330
E01011623,jobs,50,30,101075
E01011623,jobs,50,45,277965
E01011623,jobs,50,60,390120
E01011624,jobs,50,30,9500
E01011624,jobs,50,45,104225
E01011624,jobs,50,60,265640
E01011625,jobs,50,30,9000
E01011625,jobs,50,45,179550
E01011625,jobs,50,60,286100
E01011626,jobs,50,30,64850
E01011626,jobs,50,45,249900
E01011626,jobs,50,60,359910
E01011627,jobs,50,30,13875
E01011627,jobs,50,45,62100
E01011627,jobs,50,60,229635
E01011628,jobs,50,30,14200
E01011628,jobs,50,45,102625
E01011628,jobs,50,60,255710
E01011629,jobs,50,30,2700
E01011629,jobs,50,45,17400
E01011629,jobs,50,60,118085
E01011630,jobs,50,30,175
E01011630,jobs,50,45,12625
E01011630,jobs,50,60,109625
E01011632,jobs,50,30,12775
E01011632,jobs,50,45,108175
E01011632,jobs,50,60,263435
E01011633,jobs,50,30,2700
E01011633,jobs,50,45,14400
E01011633,jobs,50,60,98300
E01011634,jobs,50,30,800
E01011634,jobs,50,45,17200
E01011634,jobs,50,60,123585
E01011635,jobs,50,30,14175
E01011635,jobs,50,45,70800
E01011635,jobs,50,60,256565
E01011636,jobs,50,30,1000
E01011636,jobs,50,45,1000
E01011636,jobs,50,60,1000
E01011637,jobs,50,30,3675
E01011637,jobs,50,45,20075
E01011637,jobs,50,60,127865
E01011638,jobs,50,30,3675
E01011638,jobs,50,45,20075
E01011638,jobs,50,60,127865
E01011639,jobs,50,30,1700
E01011639,jobs,50,45,22025
E01011639,jobs,50,60,133910
E01011641,jobs,50,30,5250
E01011641,jobs,50,45,112645
E01011641,jobs,50,60,238115
E01011642,jobs,50,30,4750
E01011642,jobs,50,45,115095
E01011642,jobs,50,60,257790
E01011643,jobs,50,30,7895
E01011643,jobs,50,45,117145
E01011643,jobs,50,60,245415
E01011644,jobs,50,30,7170
E01011644,jobs,50,45,41745
E01011644,jobs,50,60,218670
E01011645,jobs,50,30,55045
E01011645,jobs,50,45,204295
E01011645,jobs,50,60,319445
E01011646,jobs,50,30,24320
E01011646,jobs,50,45,156970
E01011646,jobs,50,60,278265
E01011647,jobs,50,30,77170
E01011647,jobs,50,45,245800
E01011647,jobs,50,60,333070
E01011648,jobs,50,30,22145
E01011648,jobs,50,45,91870
E01011648,jobs,50,60,258905
E01011649,jobs,50,30,325
E01011649,jobs,50,45,7150
E01011649,jobs,50,60,72070
E01011650,jobs,50,30,450
E01011650,jobs,50,45,450
E01011650,jobs,50,60,450
E01011651,jobs,50,30,1600
E01011651,jobs,50,45,16125
E01011651,jobs,50,60,116615
E01011652,jobs,50,30,12750
E01011652,jobs,50,45,102050
E01011652,jobs,50,60,230540
E01011653,jobs,50,30,10175
E01011653,jobs,50,45,68070
E01011653,jobs,50,60,229615
E01011654,jobs,50,30,3100
E01011654,jobs,50,45,19600
E01011654,jobs,50,60,169965
E01011655,jobs,50,30,7825
E01011655,jobs,50,45,114420
E01011655,jobs,50,60,259390
E01011656,jobs,50,30,8420
E01011656,jobs,50,45,41870
E01011656,jobs,50,60,194195
E01011657,jobs,50,30,2395
E01011657,jobs,50,45,9895
E01011657,jobs,50,60,92145
E01011658,jobs,50,30,10370
E01011658,jobs,50,45,84845
E01011658,jobs,50,60,232915
E01011659,jobs,50,30,10370
E01011659,jobs,50,45,52520
E01011659,jobs,50,60,229355
E01011660,jobs,50,30,7095
E01011660,jobs,50,45,41495
E01011660,jobs,50,60,171445
E01011661,jobs,50,30,14000
E01011661,jobs,50,45,116180
E01011661,jobs,50,60,281040
E01011662,jobs,50,30,2400
E01011662,jobs,50,45,37945
E01011662,jobs,50,60,203020
E01011663,jobs,50,30,6325
E01011663,jobs,50,45,42375
E01011663,jobs,50,60,218530
E01011664,jobs,50,30,6450
E01011664,jobs,50,45,46320
E01011664,jobs,50,60,222330
E01011665,jobs,50,30,11550
E01011665,jobs,50,45,137435
E01011665,jobs,50,60,295995
E01011666,jobs,50,30,9800
E01011666,jobs,50,45,136585
E01011666,jobs,50,60,295995
E01011667,jobs,50,30,5975
E01011667,jobs,50,45,100675
E01011667,jobs,50,60,271565
E01011668,jobs,50,30,75170
E01011668,jobs,50,45,263415
E01011668,jobs,50,60,365410
E01011669,jobs,50,30,75475
E01011669,jobs,50,45,249090
E01011669,jobs,50,60,354450
E01011670,jobs,50,30,104000
E01011670,jobs,50,45,264565
E01011670,jobs,50,60,368235
E01011671,jobs,50,30,107275
E01011671,jobs,50,45,283090
E01011671,jobs,50,60,363435
E01011673,jobs,50,30,105720
E01011673,jobs,50,45,279245
E01011673,jobs,50,60,364410
E01011677,jobs,50,30,76470
E01011677,jobs,50,45,258475
E01011677,jobs,50,60,361260
E01011678,jobs,50,30,139655
E01011678,jobs,50,45,322885
E01011678,jobs,50,60,426340
E01011681,jobs,50,30,133655
E01011681,jobs,50,45,282285
E01011681,jobs,50,60,388725
E01011684,jobs,50,30,8725
E01011684,jobs,50,45,75845
E01011684,jobs,50,60,217490
E01011685,jobs,50,30,8550
E01011685,jobs,50,45,37245
E01011685,jobs,50,60,220665
E01011686,jobs,50,30,5950
E01011686,jobs,50,45,19440
E01011686,jobs,50,60,139295
E01011687,jobs,50,30,15900
E01011687,jobs,50,45,80495
E01011687,jobs,50,60,247365
E01011688,jobs,50,30,14570
E01011688,jobs,50,45,123335
E01011688,jobs,50,60,306020
E01011689,jobs,50,30,2400
E01011689,jobs,50,45,6145
E01011689,jobs,50,60,104620
E01011690,jobs,50,30,77070
E01011690,jobs,50,45,238370
E01011690,jobs,50,60,362400
E01011691,jobs,50,30,15920
E01011691,jobs,50,45,150185
E01011691,jobs,50,60,314570
E01011692,jobs,50,30,7250
E01011692,jobs,50,45,78170
E01011692,jobs,50,60,222915
E01011693,jobs,50,30,10950
E01011693,jobs,50,45,120190
E01011693,jobs,50,60,285740
E01011694,jobs,50,30,78670
E01011694,jobs,50,45,266670
E01011694,jobs,50,60,369635
E01011695,jobs,50,30,6100
E01011695,jobs,50,45,33690
E01011695,jobs,50,60,143365
E01011696,jobs,50,30,200
E01011696,jobs,50,45,200
E01011696,jobs,50,60,200
E01011697,jobs,50,30,5000
E01011697,jobs,50,45,5000
E01011697,jobs,50,60,9350
E01011698,jobs,50,30,220
E01011698,jobs,50,45,520
E01011698,jobs,50,60,5770
E01011699,jobs,50,30,220
E01011699,jobs,50,45,520
E01011699,jobs,50,60,5770
E01011700,jobs,50,30,5000
E01011700,jobs,50,45,5000
E01011700,jobs,50,60,5000
E01011701,jobs,50,30,295
E01011701,jobs,50,45,8595
E01011701,jobs,50,60,14195
E01011702,jobs,50,30,250
E01011702,jobs,50,45,250
E01011702,jobs,50,60,550
E01011703,jobs,50,30,75
E01011703,jobs,50,45,8395
E01011703,jobs,50,60,13995
E01011704,jobs,50,30,3595
E01011704,jobs,50,45,8595
E01011704,jobs,50,60,13945
E01011705,jobs,50,30,595
E01011705,jobs,50,45,8595
E01011705,jobs,50,60,14195
E01011706,jobs,50,30,400
E01011706,jobs,50,45,400
E01011706,jobs,50,60,950
E01011707,jobs,50,30,850
E01011707,jobs,50,45,2675
E01011707,jobs,50,60,16575
E01011708,jobs,50,30,175
E01011708,jobs,50,45,175
E01011708,jobs,50,60,175
E01011709,jobs,50,30,1000
E01011709,jobs,50,45,1725
E01011709,jobs,50,60,10150
E01011710,jobs,50,30,625
E01011710,jobs,50,45,2450
E01011710,jobs,50,60,16925
E01011711,jobs,50,30,500
E01011711,jobs,50,45,500
E01011711,jobs,50,60,10150
E01011712,jobs,50,30,500
E01011712,jobs,50,45,2450
E01011712,jobs,50,60,16925
E01011713,jobs,50,30,250
E01011713,jobs,50,45,6120
E01011713,jobs,50,60,85670
E01011714,jobs,50,30,4825
E01011714,jobs,50,45,14945
E01011714,jobs,50,60,62005
E01011715,jobs,50,30,4275
E01011715,jobs,50,45,26945
E01011715,jobs,50,60,195180
E01011716,jobs,50,30,2670
E01011716,jobs,50,45,17545
E01011716,jobs,50,60,138420
E01011717,jobs,50,30,6120
E01011717,jobs,50,45,15045
E01011717,jobs,50,60,110680
E01011718,jobs,50,30,4825
E01011718,jobs,50,45,17595
E01011718,jobs,50,60,108730
E01011719,jobs,50,30,2250
E01011719,jobs,50,45,12925
E01011719,jobs,50,60,170770
E01011720,jobs,50,30,6275
E01011720,jobs,50,45,48220
E01011720,jobs,50,60,224905
E01011721,jobs,50,30,6950
E01011721,jobs,50,45,30205
E01011721,jobs,50,60,206255
E01011722,jobs,50,30,450
E01011722,jobs,50,45,10250
E01011722,jobs,50,60,133235
E01011723,jobs,50,30,5975
E01011723,jobs,50,45,29220
E01011723,jobs,50,60,177980
E01011724,jobs,50,30,9700
E01011724,jobs,50,45,47320
E01011724,jobs,50,60,238440
E01011725,jobs,50,30,8265
E01011725,jobs,50,45,85540
E01011725,jobs,50,60,249995
E01011726,jobs,50,30,2000
E01011726,jobs,50,45,21225
E01011726,jobs,50,60,168065
E01011727,jobs,50,30,750
E01011727,jobs,50,45,9490
E01011727,jobs,50,60,77995
E01011728,jobs,50,30,175
E01011728,jobs,50,45,2425
E01011728,jobs,50,60,17980
E01011729,jobs,50,30,22765
E01011729,jobs,50,45,154815
E01011729,jobs,50,60,299240
E01011730,jobs,50,30,7765
E01011730,jobs,50,45,44415
E01011730,jobs,50,60,273520
E01011731,jobs,50,30,1325
E01011731,jobs,50,45,24325
E01011731,jobs,50,60,184670
E01011732,jobs,50,30,52250
E01011732,jobs,50,45,164315
E01011732,jobs,50,60,321560
E01011733,jobs,50,30,18075
E01011733,jobs,50,45,143640
E01011733,jobs,50,60,317285
E01011734,jobs,50,30,3000
E01011734,jobs,50,45,7975
E01011734,jobs,50,60,101305
E01011735,jobs,50,30,2000
E01011735,jobs,50,45,21225
E01011735,jobs,50,60,170565
E01011736,jobs,50,30,25925
E01011736,jobs,50,45,161490
E01011736,jobs,50,60,361625
E01011737,jobs,50,30,21000
E01011737,jobs,50,45,146515
E01011737,jobs,50,60,345015
E01011738,jobs,50,30,1300
E01011738,jobs,50,45,21100
E01011738,jobs,50,60,137095
E01011739,jobs,50,30,12240
E01011739,jobs,50,45,76040
E01011739,jobs,50,60,256945
E01032487,jobs,50,30,3675
E01032487,jobs,50,45,20075
E01032487,jobs,50,60,127865
E01032488,jobs,50,30,14950
E01032488,jobs,50,45,65800
E01032488,jobs,50,60,225890
E01032489,jobs,50,30,10550
E01032489,jobs,50,45,36625
E01032489,jobs,50,60,118965
E01032490,jobs,50,30,12225
E01032490,jobs,50,45,52015
E01032490,jobs,50,60,199565
E01032491,jobs,50,30,9550
E01032491,jobs,50,45,33900
E01032491,jobs,50,60,109500
E01032492,jobs,50,30,14775
E01032492,jobs,50,45,39975
E01032492,jobs,50,60,146455
E01032493,jobs,50,30,8600
E01032493,jobs,50,45,154345
E01032493,jobs,50,60,308395
E01032494,jobs,50,30,4625
E01032494,jobs,50,45,59890
E01032494,jobs,50,60,220245
E01032496,jobs,50,30,14125
E01032496,jobs,50,45,122150
E01032496,jobs,50,60,267210
E01032497,jobs,50,30,300
E01032497,jobs,50,45,4400
E01032497,jobs,50,60,106460
E01032498,jobs,50,30,4150
E01032498,jobs,50,45,49240
E01032498,jobs,50,60,186700
E01032499,jobs,50,30,15065
E01032499,jobs,50,45,159605
E01032499,jobs,50,60,363405
E01032500,jobs,50,30,43565
E01032500,jobs,50,45,223270
E01032500,jobs,50,60,351250
E01032501,jobs,50,30,7925
E01032501,jobs,50,45,18725
E01032501,jobs,50,60,138945
E01032502,jobs,50,30,7825
E01032502,jobs,50,45,21575
E01032502,jobs,50,60,140070
E01032503,jobs,50,30,5000
E01032503,jobs,50,45,5000
E01032503,jobs,50,60,5000
E01032504,jobs,50,30,300
E01032504,jobs,50,45,300
E01032504,jobs,50,60,4050
E01032606,jobs,50,30,9615
E01032606,jobs,50,45,151105
E01032606,jobs,50,60,335825
E01032607,jobs,50,30,16490
E01032607,jobs,50,45,159365
E01032607,jobs,50,60,330840
E01032608,jobs,50,30,44365
E01032608,jobs,50,45,223895
E01032608,jobs,50,60,351400
E01032876,jobs,50,30,600
E01032876,jobs,50,45,8115
E01032876,jobs,50,60,80765
E01032946,jobs,50,30,77470
E01032946,jobs,50,45,264395
E01032946,jobs,50,60,365635
E01033002,jobs,50,30,172950
E01033002,jobs,50,45,298175
E01033002,jobs,50,60,385110
E01033003,jobs,50,30,162525
E01033003,jobs,50,45,308960
E01033003,jobs,50,60,384110
E01033008,jobs,50,30,215480
E01033008,jobs,50,45,337720
E01033008,jobs,50,60,434290
E01033010,jobs,50,30,254255
E01033010,jobs,50,45,349890
E01033010,jobs,50,60,445665
E01033011,jobs,50,30,246230
E01033011,jobs,50,45,365150
E01033011,jobs,50,60,462410
E01033013,jobs,50,30,94290
E01033013,jobs,50,45,248280
E01033013,jobs,50,60,368310
E01033015,jobs,50,30,186025
E01033015,jobs,50,45,328170
E01033015,jobs,50,60,417965
E01033016,jobs,50,30,227550
E01033016,jobs,50,45,333900
E01033016,jobs,50,60,418735
E01033021,jobs,50,30,132975
E01033021,jobs,50,45,284230
E01033021,jobs,50,60,393020
E01033031,jobs,50,30,109525
E01033031,jobs,50,45,281145
E01033031,jobs,50,60,364710
E01033033,jobs,50,30,210875
E01033033,jobs,50,45,341900
E01033033,jobs,50,60,416795
E01033034,jobs,50,30,133525
E01033034,jobs,50,45,289555
E01033034,jobs,50,60,398835
E01033035,jobs,50,30,144345
E01033035,jobs,50,45,310785
E01033035,jobs,50,60,394160
E01035040,jobs,50,30,33145
E01035040,jobs,50,45,174645
E01035040,jobs,50,60,317345
E01035041,jobs,50,30,33145
E01035041,jobs,50,45,174645
E01035041,jobs,50,60,317345
E01035042,jobs,50,30,133695
E01035042,jobs,50,45,277095
E01035042,jobs,50,60,368635
E01035043,jobs,50,30,181245
E01035043,jobs,50,45,305770
E01035043,jobs,50,60,389285
E01035044,jobs,50,30,113270
E01035044,jobs,50,45,281670
E01035044,jobs,50,60,372460
E01035045,jobs,50,30,132655
E01035045,jobs,50,45,263760
E01035045,jobs,50,60,380085
E01035046,jobs,50,30,171300
E01035046,jobs,50,45,312380
E01035046,jobs,50,60,395060
E01035047,jobs,50,30,152650
E01035047,jobs,50,45,299110
E01035047,jobs,50,60,387410
E01035048,jobs,50,30,14085
E01035048,jobs,50,45,107325
E01035048,jobs,50,60,295190
E01035049,jobs,50,30,7000
E01035049,jobs,50,45,85300
E01035049,jobs,50,60,209915
E01035050,jobs,50,30,4450
E01035050,jobs,50,45,51490
E01035050,jobs,50,60,228700
E01035051,jobs,50,30,1925
E01035051,jobs,50,45,21325
E01035051,jobs,50,60,157610
E01035052,jobs,50,30,2050
E01035052,jobs,50,45,21975
E01035052,jobs,50,60,158260
E01035053,jobs,50,30,1575
E01035053,jobs,50,45,9175
E01035053,jobs,50,60,143310
E01035054,jobs,50,30,108225
E01035054,jobs,50,45,273920
E01035054,jobs,50,60,376635
