point_id,lat,lon,snap_lat,snap_lon,distance,found
E01011264,53.8718838958965,-1.68105212397387,53.8719505,-1.6812235,13.4491966861438,TRUE
E01011265,53.8739330462337,-1.71097912848413,53.8741585,-1.7109112,25.4475687030315,TRUE
E01011266,53.8783504435552,-1.73799368686565,53.8786953,-1.7379878,38.3268604933675,TRUE
E01011267,53.8740772494895,-1.70274542102154,53.8741543,-1.7029265,14.6315626730718,TRUE
E01011268,53.8732459476167,-1.69389823111966,53.8730534,-1.6938352,21.7932760337768,TRUE
E01011269,53.8700386840449,-1.67413634236088,53.8700859,-1.6741397,5.25185965380769,TRUE
E01011270,53.8800893650734,-1.76744103428458,53.8802804,-1.7674443,21.2313561779261,TRUE
E01011271,53.8704389765388,-1.71734157532155,53.8706561,-1.7173599,24.1594312900523,TRUE
E01011272,53.8651435660155,-1.70667081876198,53.8646456,-1.7064093,57.9334916268104,TRUE
E01011273,53.8669319040218,-1.69584150366985,53.8669351,-1.6958597,1.24419611201184,TRUE
E01011274,53.8641143401955,-1.68741436238905,53.8641134,-1.6874507,2.38368983387674,TRUE
E01011275,53.863801179741,-1.69610735255417,53.8638072,-1.6963492,15.8637933439507,TRUE
E01011276,53.862040053573,-1.68044637560743,53.8620179,-1.6804581,2.57911722961887,TRUE
E01011277,53.8571390953405,-1.6941246239545,53.8572896,-1.6941242,16.7260525154772,TRUE
E01011278,53.8568379203122,-1.68666464278594,53.8568748,-1.6866597,4.11133438610112,TRUE
E01011279,53.8840704230983,-1.70113126121142,53.885658,-1.7030346,216.036886075557,TRUE
E01011280,53.8800248985608,-1.71438156561532,53.8800259,-1.7143801,0.146985133243846,TRUE
E01011281,53.8099907302621,-1.60519527524067,53.8099845,-1.6051955,0.69254458084551,TRUE
E01011282,53.8096202781548,-1.6229236021755,53.8096468,-1.6227811,9.80460860976376,TRUE
E01011283,53.8059971274885,-1.60997499747043,53.8062634,-1.6101075,30.8428279879204,TRUE
E01011284,53.8029471849067,-1.58750435529971,53.8030269,-1.5874985,8.86730592578336,TRUE
E01011286,53.8066876692103,-1.61832438566227,53.8067414,-1.6181631,12.1526025069414,TRUE
E01011287,53.8038176966556,-1.63417034021989,53.8039276,-1.6342377,12.9893214930063,TRUE
E01011292,53.796018477725,-1.59185776173795,53.7960127,-1.5918578,0.64210063657679,TRUE
E01011293,53.7971761789075,-1.58607365628369,53.7972697,-1.5859608,12.7631170883699,TRUE
E01011294,53.7952141678245,-1.57849442056274,53.7954577,-1.5784587,27.1658380089953,TRUE
E01011295,53.8106587609855,-1.6168179855306,53.8108906,-1.6165658,30.6214604558889,TRUE
E01011296,53.8154601361641,-1.39011378843139,53.8158536,-1.3901177,43.7275568127362,TRUE
E01011297,53.809543655959,-1.36472025804427,53.810351,-1.3637235,111.03273748482,TRUE
E01011298,53.7949484969516,-1.33764409178929,53.7951577,-1.3376561,23.2627145897236,TRUE
E01011299,53.7576518478182,-1.32434378321554,53.7579977,-1.3243474,38.4363138313257,TRUE
E01011300,53.7769485110332,-1.38104053800873,53.7769856,-1.3810407,4.1218206695574,TRUE
E01011301,53.7731251692598,-1.37161510160821,53.7731344,-1.3714755,9.22593734894317,TRUE
E01011302,53.7761597801702,-1.36125067511754,53.77523,-1.3626234,137.128854530967,TRUE
E01011303,53.7618110075505,-1.36053979602184,53.7629136,-1.3618199,148.616310992178,TRUE
E01011304,53.7662291964461,-1.37052030503665,53.7665693,-1.3703942,38.6938027086648,TRUE
E01011305,53.7638967281155,-1.37399777202377,53.7638641,-1.3738138,12.6177903573432,TRUE
E01011306,53.76816202513,-1.38297886978208,53.7684064,-1.3833623,37.0389708304389,TRUE
E01011307,53.7509885454588,-1.36793739454938,53.7487319,-1.369515,271.370910829235,TRUE
E01011308,53.7540122356533,-1.38274736342599,53.7541395,-1.3827077,14.3813821844793,TRUE
E01011309,53.8515139711464,-1.37280071703003,53.8519118,-1.374108,96.4310796039094,TRUE
E01011310,53.8595541656296,-1.41167444244649,53.8588253,-1.4115468,81.4318938088374,TRUE
E01011311,53.8581909784119,-1.44676324597663,53.8578943,-1.4463224,43.8406528436277,TRUE
E01011312,53.7735714331882,-1.54749244957256,53.7735824,-1.5474909,1.2230160789808,TRUE
E01011313,53.772341288077,-1.56084076397093,53.7726355,-1.5607826,32.9190523492473,TRUE
E01011314,53.773684767971,-1.5590905226342,53.7735997,-1.5590799,9.47956368786635,TRUE
E01011315,53.7701831968099,-1.56568509782883,53.7703318,-1.5652899,30.7656917590444,TRUE
E01011316,53.7708517437158,-1.55295777320757,53.7709202,-1.5528213,11.7569769154017,TRUE
E01011317,53.7679662404115,-1.57761336933882,53.7679711,-1.5776687,3.67434958596677,TRUE
E01011318,53.7718344302081,-1.5848104736132,53.7717631,-1.5848578,8.51478790675549,TRUE
E01011319,53.7672360646608,-1.55598671369237,53.7673139,-1.5559986,8.68523804018136,TRUE
E01011320,53.766505005999,-1.55910505760779,53.7664107,-1.5585749,36.3679852142669,TRUE
E01011321,53.7636925950155,-1.57007094477582,53.7636685,-1.5694328,42.0068204862152,TRUE
E01011322,53.7660897987529,-1.54611761049015,53.7663137,-1.5465661,38.5627455762918,TRUE
E01011323,53.8153513071798,-1.62983867333126,53.8155089,-1.6296902,20.0407078575805,TRUE
E01011324,53.8182731441927,-1.61297139028447,53.8179801,-1.6131059,33.7413500983991,TRUE
E01011325,53.8223478471145,-1.62939634736916,53.8225395,-1.6293148,21.9604920938999,TRUE
E01011326,53.8180593024489,-1.62482191193062,53.8177652,-1.6246382,34.8360158510156,TRUE
E01011327,53.8207762965217,-1.65098119774134,53.8217345,-1.6501632,119.245029901026,TRUE
E01011328,53.8125850220645,-1.65737058832245,53.8125919,-1.6573984,1.9785063411476,TRUE
E01011329,53.8146392242093,-1.63896610313819,53.8148176,-1.6390264,20.2143575459437,TRUE
E01011330,53.8186409637881,-1.64333104494117,53.8186319,-1.6433301,1.00919161071267,TRUE
E01011331,53.81138353931,-1.63131655545974,53.811248,-1.6312935,15.138667524585,TRUE
E01011332,53.8142118168121,-1.61987327998383,53.814413,-1.6198162,22.6695951260658,TRUE
E01011333,53.8115809952309,-1.6473586903251,53.8113616,-1.6474762,25.5722375216389,TRUE
E01011334,53.8081386207449,-1.63434723533139,53.8082079,-1.6343916,8.23126538760506,TRUE
E01011335,53.8087586619879,-1.65992434001354,53.8086935,-1.6598809,7.78251156459454,TRUE
E01011336,53.8096861936551,-1.62775371026958,53.8097503,-1.6277615,7.14264275005224,TRUE
E01011337,53.8086282126346,-1.64072112506912,53.8085512,-1.6407086,8.59801852355173,TRUE
E01011338,53.7993497207244,-1.52213818612991,53.7990942,-1.5222138,28.827225510261,TRUE
E01011339,53.8118016616045,-1.4852844750739,53.8116713,-1.4854987,20.1862014166373,TRUE
E01011340,53.8065173924344,-1.50129720404333,53.806592,-1.5012747,8.42185888305098,TRUE
E01011341,53.8031077357194,-1.47476488706638,53.8032026,-1.4747533,10.569940981096,TRUE
E01011342,53.8075048092766,-1.49466986090067,53.8075062,-1.4943953,18.0184507615392,TRUE
E01011343,53.8083704317858,-1.4726152346113,53.8084427,-1.4723029,22.0135798585561,TRUE
E01011344,53.8075673328107,-1.50749205815679,53.8076024,-1.507437,5.31434485474455,TRUE
E01011345,53.8056167586398,-1.4562509734743,53.8055804,-1.4564821,15.6971101372348,TRUE
E01011346,53.8064606068127,-1.48581154640629,53.8066648,-1.4857314,23.2941569416614,TRUE
E01011347,53.8046062962579,-1.50931142071754,53.8046876,-1.5093254,9.08198365239859,TRUE
E01011348,53.8015472118263,-1.50805511246082,53.8016262,-1.5081336,10.178088541911,TRUE
E01011349,53.8020504910208,-1.51854103851555,53.8020688,-1.5185471,2.07325835387146,TRUE
E01011350,53.8305511370013,-1.54357816371788,53.8307241,-1.5435008,19.8803359272754,TRUE
E01011351,53.831566435287,-1.53307388321063,53.8316624,-1.53311,10.9247394796349,TRUE
E01011352,53.8277937137835,-1.53820318313409,53.8279019,-1.5380739,14.7127016987842,TRUE
E01011353,53.8264691291278,-1.52764031824215,53.8264555,-1.527412,15.0527805431886,TRUE
E01011354,53.8278881556505,-1.55552266662418,53.8278832,-1.5555215,0.55602680692255,TRUE
E01011355,53.8240583431139,-1.55225855183035,53.8242418,-1.5521857,20.9407052516365,TRUE
E01011356,53.8231210453895,-1.53184544820774,53.8231164,-1.5318457,0.516520087831417,TRUE
E01011357,53.8165431436003,-1.5407906437743,53.8163069,-1.5402651,43.3385784020104,TRUE
E01011358,53.8220998347297,-1.54079830547187,53.8218834,-1.5405983,27.3988914860608,TRUE
E01011359,53.8206664427784,-1.52094835305316,53.8206537,-1.5209451,1.43213295333231,TRUE
E01011360,53.8154262247455,-1.53450182551053,53.8153469,-1.5345054,8.81871347278656,TRUE
E01011361,53.8139218845655,-1.52662426954895,53.8136868,-1.5266323,26.1309582932589,TRUE
E01011362,53.7869780165254,-1.57737702153692,53.7877538,-1.5780248,96.1346359920425,TRUE
E01011363,53.7952634018542,-1.56989170907039,53.7954444,-1.5698022,20.9554494176317,TRUE
E01011364,53.7837844636896,-1.54521372521501,53.7837732,-1.5451673,3.29533831534637,TRUE
E01011366,53.7823538585424,-1.56784636845357,53.782361,-1.5680193,11.3829698675473,TRUE
E01011368,53.7815404377815,-1.55769590296883,53.7815616,-1.5576976,2.35445868793229,TRUE
E01011369,53.7767822628232,-1.57570654899147,53.7767712,-1.5757111,1.26525069125598,TRUE
E01011370,53.7765252218266,-1.56419639730547,53.7764855,-1.5641873,4.45464980871568,TRUE
E01011371,53.7790884932157,-1.54567629129694,53.7791029,-1.5455225,10.2253640728944,TRUE
E01011372,53.7770937399676,-1.54781365760235,53.7770842,-1.5477318,5.47927101010627,TRUE
E01011373,53.7781151082176,-1.55306724035651,53.7780386,-1.5528641,15.8194815726247,TRUE
E01011374,53.7778207030971,-1.54097507914025,53.7778721,-1.5410149,6.28205328821867,TRUE
E01011375,53.7746224348192,-1.5537614075461,53.7746251,-1.5537616,0.296459015651461,TRUE
E01011376,53.8651955618558,-1.62445480795251,53.865234,-1.6244452,4.31789964255858,TRUE
E01011377,53.859106728894,-1.61864788511614,53.8591034,-1.6184074,15.7665082682661,TRUE
E01011378,53.8600275627472,-1.60942685547547,53.8602196,-1.6094219,21.3441410431566,TRUE
E01011379,53.8542647807132,-1.60875426786302,53.8541289,-1.6084987,22.5541140160705,TRUE
E01011380,53.8525922580188,-1.58083938287341,53.8526815,-1.5806532,15.7264466510444,TRUE
E01011381,53.8639331883221,-1.59457841795186,53.8639607,-1.5915371,199.338134663927,TRUE
E01011382,53.8540419509315,-1.6258859577501,53.853924,-1.6262482,27.1232594440837,TRUE
E01011383,53.8508150266902,-1.60095466195822,53.8508373,-1.6014263,31.0177144411499,TRUE
E01011384,53.8527704592636,-1.61989822690482,53.852597,-1.6199606,19.7058959998613,TRUE
E01011385,53.8487625232211,-1.57329473883877,53.8487772,-1.5749585,109.087380759148,TRUE
E01011386,53.8513217272813,-1.5899169005859,53.8512518,-1.5900079,9.7968999402899,TRUE
E01011388,53.8455615474189,-1.61396723417578,53.845782,-1.6142252,29.7706044047797,TRUE
E01011390,53.7696001513988,-1.41541488871804,53.7696996,-1.4154124,11.0532269917215,TRUE
E01011391,53.7691217708678,-1.42476041616629,53.7691379,-1.4250466,18.8829872659651,TRUE
E01011392,53.7597883663902,-1.39875086868134,53.7612558,-1.3979985,170.406489385458,TRUE
E01011393,53.7392410878272,-1.40850011483097,53.7392979,-1.4085012,6.3141082620019,TRUE
E01011394,53.7388802571746,-1.38142353778449,53.7388657,-1.381424,1.61806727535314,TRUE
E01011395,53.7292143430838,-1.40028753171596,53.7293483,-1.4002866,14.8871556379615,TRUE
E01011396,53.7974879343429,-1.38942429070262,53.7973633,-1.3896411,19.8590066043237,TRUE
E01011397,53.7935512917283,-1.37234934899059,53.7935859,-1.3726448,19.7727979760974,TRUE
E01011398,53.7955593349809,-1.3664491768846,53.7955165,-1.3665145,6.40687518958973,TRUE
E01011399,53.793476047028,-1.40189891003289,53.7946092,-1.4005459,154.101420187766,TRUE
E01011400,53.7969774288631,-1.37710768302331,53.7969128,-1.3771045,7.18543565376503,TRUE
E01011401,53.7881558290218,-1.37517248832023,53.7881945,-1.3754317,17.5526031999214,TRUE
E01011402,53.7695710702448,-1.43514243832491,53.7689566,-1.435224,68.4977228090879,TRUE
E01011403,53.7905288482316,-1.38141777327469,53.7905113,-1.3811618,16.9175790431115,TRUE
E01011404,53.7854896262616,-1.3649508559703,53.7854414,-1.3664689,99.8164964006841,TRUE
E01011405,53.7852479742506,-1.38273346057577,53.7852752,-1.3828659,9.20716931544057,TRUE
E01011406,53.8118931558566,-1.44952776329265,53.8117507,-1.4490214,36.805109142454,TRUE
E01011407,53.8123185334409,-1.43867807242185,53.8126358,-1.4386826,35.2600257413538,TRUE
E01011408,53.8058551912843,-1.45142741398209,53.8059032,-1.4514275,5.33535402569195,TRUE
E01011409,53.8079846357376,-1.44426523696611,53.8080489,-1.4438792,26.3204594262915,TRUE
E01011410,53.8053986973041,-1.41415061858619,53.8054196,-1.4141488,2.32604252762256,TRUE
E01011411,53.7915832186569,-1.43361491826805,53.7915632,-1.4336309,2.45972003941655,TRUE
E01011412,53.8030543748504,-1.43813332795122,53.8026671,-1.4368725,93.2731358876919,TRUE
E01011413,53.8015602947351,-1.4623234028567,53.8013068,-1.4626164,34.109380565336,TRUE
E01011414,53.7987268606772,-1.45050594349104,53.7984847,-1.4505138,26.9169749509839,TRUE
E01011415,53.7968815762426,-1.47226588675956,53.7969798,-1.4722526,10.9506834257268,TRUE
E01011416,53.7977427857625,-1.45548813794793,53.7974014,-1.4555062,37.9577328442305,TRUE
E01011417,53.7961092344258,-1.46539968351502,53.7959952,-1.4657556,26.5788742071653,TRUE
E01011418,53.7922733789984,-1.43854588053713,53.7925741,-1.4384729,33.7616827450708,TRUE
E01011419,53.7893212957032,-1.44859989702609,53.7887324,-1.4485121,65.6990746312489,TRUE
E01011420,53.7793530780878,-1.4568958894774,53.7794004,-1.4568815,5.3432414635586,TRUE
E01011421,53.8211187221527,-1.49252938170228,53.8211008,-1.4925339,2.01367739410409,TRUE
E01011422,53.8183190867575,-1.51656094190212,53.8183555,-1.5165526,4.08355229273133,TRUE
E01011423,53.8179137263956,-1.49819229986597,53.817778,-1.4981764,15.1197053104926,TRUE
E01011424,53.816324073668,-1.50162533932592,53.8165049,-1.501393,25.2232677588382,TRUE
E01011425,53.8206584936487,-1.48553873175931,53.8209429,-1.4858032,36.0557721442883,TRUE
E01011426,53.8166868167913,-1.52228124762872,53.8167294,-1.5221218,11.4819123007098,TRUE
E01011427,53.8152143624382,-1.50668361101055,53.8152905,-1.5066835,8.46139631788685,TRUE
E01011428,53.8151444829488,-1.51567485060494,53.8151727,-1.5156744,3.13598400123674,TRUE
E01011429,53.8137002775197,-1.52201428389434,53.8135626,-1.5221054,16.4270653300749,TRUE
E01011430,53.8133022023941,-1.51048454090569,53.8132717,-1.5105103,3.78782331139141,TRUE
E01011431,53.8129569225968,-1.50050600428604,53.8129702,-1.500311,12.8800973336285,TRUE
E01011432,53.8119796979081,-1.51076677878061,53.8119275,-1.5107856,5.9309144200712,TRUE
E01011433,53.809006041752,-1.51064087199798,53.8090279,-1.5106437,2.43625033154972,TRUE
E01011434,53.8113806454954,-1.51583313827705,53.8114859,-1.5158338,11.6973260247351,TRUE
E01011435,53.8203098823825,-1.5827943871115,53.8204161,-1.5826175,16.553096243051,TRUE
E01011440,53.8205933205115,-1.5787058238168,53.820663,-1.5786282,9.26807216046039,TRUE
E01011441,53.814058622105,-1.57883558350653,53.8141236,-1.5788124,7.37966436480856,TRUE
E01011442,53.8152417284776,-1.5732099761435,53.8153237,-1.5732696,9.91419794690289,TRUE
E01011443,53.8159263422641,-1.56221942266459,53.8158771,-1.5622223,5.47569423897458,TRUE
E01011444,53.8125363940322,-1.56602359524694,53.8124486,-1.566027,9.75936872327657,TRUE
E01011445,53.8126101389704,-1.56984492115216,53.8127011,-1.5698036,10.4660644864485,TRUE
E01011446,53.8125058866997,-1.57488392361803,53.8126102,-1.5748377,11.9828472179587,TRUE
E01011447,53.8103369485068,-1.57498877539216,53.8102833,-1.5749838,5.97105012238971,TRUE
E01011448,53.8093443793345,-1.56741189184368,53.8092703,-1.5673458,9.30518241581477,TRUE
E01011449,53.8091937808153,-1.57119572020185,53.8091574,-1.5711973,4.04443681256128,TRUE
E01011450,53.8232091416404,-1.5630263899298,53.8234196,-1.5631084,23.9996066047929,TRUE
E01011451,53.8218568994878,-1.57299382194066,53.8218094,-1.5729924,5.27958315647418,TRUE
E01011452,53.8316920768432,-1.65509646005363,53.8320127,-1.6554657,43.0823070473881,TRUE
E01011453,53.831160129571,-1.62965583567363,53.8314035,-1.6292968,35.8611226284662,TRUE
E01011454,53.8305154441236,-1.64358610610225,53.8309458,-1.6434204,49.046050433163,TRUE
E01011455,53.8491635767698,-1.65315876546936,53.8490297,-1.6531573,14.8784328906657,TRUE
E01011456,53.849995606562,-1.63840605108807,53.8493746,-1.6382817,69.4941172170675,TRUE
E01011457,53.8439812072638,-1.6877117556552,53.8444617,-1.6879252,55.2020223464425,TRUE
E01011458,53.8405602727373,-1.66435435024479,53.8404269,-1.6647915,32.2703240616275,TRUE
E01011459,53.845006400382,-1.63426861179613,53.8450012,-1.6339444,21.2648985670789,TRUE
E01011460,53.84188733561,-1.62533664274738,53.8417717,-1.6253462,12.8661991311531,TRUE
E01011461,53.8410329761901,-1.65666924309752,53.8407813,-1.6561734,42.8883164959183,TRUE
E01011462,53.8365711839183,-1.63488527907966,53.8366477,-1.6349035,8.58700203125404,TRUE
E01011463,53.8380715465787,-1.62732391192311,53.8378958,-1.6273786,19.8577545761212,TRUE
E01011464,53.8363465867692,-1.61977933267273,53.8363294,-1.6198267,3.64653773246107,TRUE
E01011465,53.834583778737,-1.64296698449502,53.8347134,-1.6431046,16.9988496472263,TRUE
E01011466,53.7534338519017,-1.52762210222747,53.7534148,-1.5275556,4.85570108485389,TRUE
E01011467,53.781697613249,-1.53088936517701,53.7816155,-1.5308728,9.19008900592765,TRUE
E01011468,53.7745768262731,-1.5192857352169,53.7750112,-1.5178052,108.558027530506,TRUE
E01011469,53.7631548019073,-1.5135218025004,53.7630915,-1.513066,30.7585472784857,TRUE
E01011470,53.7666253001396,-1.50697336757445,53.7665913,-1.5061456,54.505537435784,TRUE
E01011471,53.7701633594233,-1.53445887969658,53.7699156,-1.5344614,27.5347375436112,TRUE
E01011472,53.7690219489677,-1.52694965369507,53.7689984,-1.5269677,2.87299699844567,TRUE
E01011473,53.7644539766538,-1.53441004668251,53.7645323,-1.5344061,8.70816618066665,TRUE
E01011474,53.7639045458384,-1.52406593277841,53.7638455,-1.523834,16.5891741431597,TRUE
E01011475,53.7582409312286,-1.52892614917092,53.7582349,-1.52874,12.2485600783511,TRUE
E01011476,53.756325294969,-1.5233385702435,53.7564691,-1.5239494,43.1988630171183,TRUE
E01011477,53.8152438511827,-1.59651933791257,53.8152241,-1.5965197,2.1951361062074,TRUE
E01011478,53.811353361091,-1.58463894465435,53.8112561,-1.5845209,13.297781369971,TRUE
E01011479,53.8126818196347,-1.58222186593913,53.8127915,-1.5818652,26.3869544373426,TRUE
E01011480,53.8133639091527,-1.59214500963927,53.8134769,-1.5922165,13.4045614745107,TRUE
E01011481,53.8082630596733,-1.57707608488721,53.808219,-1.5770786,4.89926315379712,TRUE
E01011482,53.8069815293172,-1.58520526410579,53.8070733,-1.5853018,12.006187090659,TRUE
E01011483,53.8052405412704,-1.57917941678892,53.8053364,-1.5791692,10.6741448730374,TRUE
E01011484,53.8305507080603,-1.61019143111222,53.8301263,-1.6090302,89.5847576753963,TRUE
E01011485,53.8265290881414,-1.6062920384736,53.8262632,-1.6064015,30.4087670450778,TRUE
E01011488,53.8197957200403,-1.60481275825234,53.8198639,-1.6048113,7.57764517496948,TRUE
E01011489,53.8204325434746,-1.59610267339922,53.8204214,-1.5960477,3.81316511816285,TRUE
E01011491,53.7456596575592,-1.55368945784251,53.7456064,-1.5536941,5.92652843819058,TRUE
E01011492,53.7434363536686,-1.53853366704474,53.7433223,-1.5386652,15.3425338383299,TRUE
E01011493,53.7509371504587,-1.56554721504483,53.7508148,-1.5641497,92.8355369863708,TRUE
E01011494,53.7454293727791,-1.54504344132985,53.7453854,-1.5453471,20.5464149491349,TRUE
E01011496,53.7511999003608,-1.50939431851987,53.7499179,-1.5105578,161.690860735813,TRUE
E01011497,53.7429109857777,-1.550254981362,53.7428741,-1.5501345,8.9167644842195,TRUE
E01011500,53.7292556322158,-1.49668270080198,53.7292842,-1.4968691,12.6596395503659,TRUE
E01011502,53.7498535185075,-1.51959611877452,53.7498045,-1.5196049,5.47804997552231,TRUE
E01011504,53.8340052253181,-1.52916752099271,53.8338975,-1.5289946,16.4904288430001,TRUE
E01011505,53.837356089406,-1.55225529761671,53.8374891,-1.5522073,15.1132558720173,TRUE
E01011506,53.8371789542725,-1.54581275735491,53.8372823,-1.5456714,14.7593424751641,TRUE
E01011507,53.8319061650721,-1.5487060712446,53.8318706,-1.5487025,3.95938596962233,TRUE
E01011508,53.8448586862787,-1.51996178774869,53.8446526,-1.5199585,22.9039941254144,TRUE
E01011509,53.846514768954,-1.52865707625013,53.8464716,-1.528656,4.79801284503787,TRUE
E01011510,53.8450452597228,-1.54376257293718,53.8450658,-1.5437659,2.29310120072187,TRUE
E01011511,53.842414522426,-1.52663230719263,53.8424178,-1.5266464,0.993254995512589,TRUE
E01011512,53.843852621954,-1.53209297089154,53.843818,-1.5321823,7.00781064513369,TRUE
E01011513,53.8373699185938,-1.56694653096916,53.8373706,-1.56696,0.886502339714959,TRUE
E01011514,53.8423163915311,-1.54035605527525,53.8423224,-1.5403574,0.673535312798705,TRUE
E01011515,53.8372637347387,-1.54063283971844,53.8372826,-1.5406286,2.11490727916221,TRUE
E01011516,53.8368864128167,-1.53461674925305,53.8369422,-1.5346442,6.45585409570775,TRUE
E01011517,53.837434685961,-1.52047259304225,53.8372298,-1.520453,22.8058075101644,TRUE
E01011518,53.7632254239129,-1.58579434758188,53.7632934,-1.5857797,7.61542131213533,TRUE
E01011519,53.7627472876726,-1.62811298940917,53.7630628,-1.6292311,81.3929132386841,TRUE
E01011520,53.7615271670276,-1.63936490130758,53.7617514,-1.6389514,36.8638501913767,TRUE
E01011521,53.7596524786572,-1.66148218988106,53.7591765,-1.6608932,65.5399149725346,TRUE
E01011522,53.7573926331166,-1.61862400055856,53.7573188,-1.6186098,8.25816870380834,TRUE
E01011523,53.7522069173848,-1.64076988093629,53.7514994,-1.6405768,79.6455662064333,TRUE
E01011524,53.7594881888466,-1.59032346817437,53.7589997,-1.5910145,70.7693747369333,TRUE
E01011525,53.750954800413,-1.60313344909648,53.7509738,-1.6031343,2.11222070764006,TRUE
E01011526,53.7580382423233,-1.59825846823742,53.7582296,-1.5984122,23.5428653102634,TRUE
E01011527,53.7516641054327,-1.66598265838715,53.7516857,-1.6657895,12.9175883100527,TRUE
E01011528,53.7556682694337,-1.60598972910464,53.7556932,-1.6058573,9.1317220341803,TRUE
E01011529,53.7510660576521,-1.65076981900772,53.7510626,-1.6507253,2.95057617434265,TRUE
E01011530,53.7393144127584,-1.62852759455366,53.7395422,-1.6301756,111.242891042886,TRUE
E01011531,53.7555220644484,-1.58512449805752,53.755322,-1.5859241,57.0491747800192,TRUE
E01011532,53.7519030950608,-1.6103729547407,53.7516075,-1.61043,33.0635339044282,TRUE
E01011533,53.7493023385341,-1.60041995231481,53.7490528,-1.6002053,31.1133243946657,TRUE
E01011534,53.7338671460498,-1.62183385555543,53.7337827,-1.6251688,219.437666430425,TRUE
E01011535,53.7199804140528,-1.57451700686652,53.7199242,-1.5732698,82.2551356640847,TRUE
E01011536,53.7117883134336,-1.56154991561361,53.7112707,-1.5609199,70.895491194935,TRUE
E01011537,53.7196938122688,-1.54219261947486,53.7196531,-1.5428204,41.5309301457104,TRUE
E01011538,53.7341009451591,-1.55880058644233,53.7340339,-1.5588096,7.47445153317576,TRUE
E01011540,53.74372427723,-1.57460092862635,53.7435198,-1.5746079,22.7287800748082,TRUE
E01011541,53.7432479563669,-1.60073780839661,53.7432714,-1.6005441,12.9952422995959,TRUE
E01011545,53.7394427515623,-1.60719064480857,53.7395176,-1.6071975,8.33032445949959,TRUE
E01011546,53.7284707375979,-1.61713719291993,53.7290115,-1.6159485,98.5876707160764,TRUE
E01011547,53.7369709121777,-1.59534951626263,53.7371408,-1.5954933,21.1137570983084,TRUE
E01011548,53.7238253127716,-1.59574980815623,53.7251355,-1.5922957,269.786604593779,TRUE
E01011549,53.7281830589837,-1.57256701648066,53.7281442,-1.5725506,4.45135573910895,TRUE
E01011550,53.7305395367681,-1.58759573195984,53.7301079,-1.5884812,75.4321274853023,TRUE
E01011551,53.7263031885652,-1.52973517568816,53.7263814,-1.5298622,12.0542138041906,TRUE
E01011552,53.7251629487364,-1.56193704426258,53.7251669,-1.5619278,0.749858491218899,TRUE
E01011553,53.7288615658047,-1.5670618664672,53.7290635,-1.5674109,32.0971625438018,TRUE
E01011554,53.870352464607,-1.5587765423345,53.8692952,-1.5583387,120.949013987449,TRUE
E01011555,53.8539456657551,-1.5468163472125,53.8538953,-1.546877,6.8656588938146,TRUE
E01011556,53.8519637517289,-1.52588581408551,53.8521597,-1.5249271,66.5135407901916,TRUE
E01011557,53.8543572276312,-1.5295385700756,53.8544465,-1.529126,28.8065526370223,TRUE
E01011558,53.8487553950588,-1.53989798764872,53.8485516,-1.5398892,22.6556758786597,TRUE
E01011559,53.8469998910308,-1.5544237326875,53.8472796,-1.554541,32.0215522521413,TRUE
E01011560,53.8468516822812,-1.5600801957787,53.846797,-1.5604077,22.3153724667392,TRUE
E01011561,53.8858190690675,-1.51571623861504,53.8844323,-1.5160577,155.730314488896,TRUE
E01011562,53.8635902757769,-1.52176919899685,53.8639728,-1.5217575,42.5179653917246,TRUE
E01011563,53.8630745267051,-1.54333560071402,53.8621024,-1.5441126,119.435179709314,TRUE
E01011564,53.8596599739864,-1.55897453938442,53.8594728,-1.5598629,61.8294702695189,TRUE
E01011565,53.856828878106,-1.5350112551367,53.8566929,-1.5349206,16.2379575753092,TRUE
E01011566,53.8558219431388,-1.506818452552,53.8558178,-1.5065072,20.4072891689766,TRUE
E01011567,53.8549404264534,-1.55679874153238,53.8548399,-1.5569172,13.6052685769934,TRUE
E01011568,53.8536974657347,-1.51744246341002,53.853806,-1.5174646,12.1487081449526,TRUE
E01011569,53.9011062393512,-1.66304018062156,53.9013816,-1.6634184,39.3669047952707,TRUE
E01011570,53.8977129582359,-1.63275957157075,53.8974585,-1.6327544,28.2807265081856,TRUE
E01011571,53.8986738543766,-1.70117043718916,53.8988609,-1.7030982,127.932044390343,TRUE
E01011572,53.9040546784689,-1.6805142647265,53.9041583,-1.680519,11.5199408669883,TRUE
E01011573,53.9012357586735,-1.72242268841658,53.8998405,-1.7220389,157.082380724165,TRUE
E01011574,53.9033447900089,-1.69751564224792,53.9032755,-1.697493,7.8418088318021,TRUE
E01011576,53.8959451437034,-1.59075485875395,53.8976359,-1.5907562,187.898785013155,TRUE
E01011578,53.8674423366279,-1.6711377769197,53.8675285,-1.6711288,9.59364347876354,TRUE
E01011579,53.8566697552301,-1.67743159822586,53.8567195,-1.6774192,5.5876962571743,TRUE
E01011580,53.8564273448454,-1.6659046229596,53.8567744,-1.6651925,60.5507125828552,TRUE
E01011581,53.9130269434578,-1.70087875602165,53.912938,-1.7013146,30.1936247768282,TRUE
E01011582,53.9093328733603,-1.71259557670539,53.908918,-1.7118985,64.8709204188873,TRUE
E01011583,53.9142876500743,-1.69537239397638,53.9144288,-1.6958454,34.7083662001857,TRUE
E01011584,53.9105350585884,-1.69088714432426,53.9105197,-1.6909821,6.44612979558031,TRUE
E01011585,53.8002093895362,-1.67251710592494,53.8001533,-1.6720235,32.9922647535132,TRUE
E01011586,53.7977492059795,-1.69814949382523,53.7981757,-1.697376,69.4568537586105,TRUE
E01011587,53.802924295134,-1.66543979717855,53.8030015,-1.6654486,8.59943504455593,TRUE
E01011588,53.8211846585169,-1.67846343119806,53.8213729,-1.6784695,20.9236226956808,TRUE
E01011589,53.8329139806521,-1.67892802079105,53.8328741,-1.6796772,49.3338535281385,TRUE
E01011590,53.8234746752047,-1.69837946397038,53.8240165,-1.7032666,326.195106474178,TRUE
E01011591,53.8226962256532,-1.65682295778427,53.8227956,-1.6568037,11.115787417457,TRUE
E01011592,53.8153657174787,-1.67426334642,53.8155807,-1.6746466,34.6860903838412,TRUE
E01011593,53.817284581616,-1.66532610878437,53.8167451,-1.6661389,80.2385387008583,TRUE
E01011594,53.8111652177674,-1.6787280442501,53.8111126,-1.6787306,5.84997294784658,TRUE
E01011595,53.8080284350814,-1.68793895507307,53.8076688,-1.6876339,44.7005311398246,TRUE
E01011596,53.808782353316,-1.66655968391455,53.8089473,-1.6665534,18.3356519921852,TRUE
E01011597,53.8035208114357,-1.69701100186683,53.8034042,-1.6970017,12.9737461457506,TRUE
E01011598,53.8087203152683,-1.67266241512517,53.8086551,-1.672668,7.25682665468285,TRUE
E01011599,53.8042277474514,-1.6807218156356,53.804258,-1.6807232,3.36328288657379,TRUE
E01011600,53.79228092992,-1.65689601357608,53.7917449,-1.6570428,60.344955330076,TRUE
E01011601,53.7869301072126,-1.64749037551148,53.7868384,-1.6473551,13.51869150657,TRUE
E01011602,53.7941927158829,-1.67175101143284,53.7942831,-1.6717191,10.2607681696343,TRUE
E01011603,53.7857244325151,-1.67028764098845,53.7856488,-1.6697409,36.868896020652,TRUE
E01011604,53.7903680047937,-1.66328752018562,53.7903375,-1.6630091,18.5902435550456,TRUE
E01011605,53.7908509642832,-1.68080493050984,53.7909584,-1.6808165,11.9637844814779,TRUE
E01011606,53.7903845162476,-1.69788074393687,53.7903845,-1.6989102,67.5846241939435,TRUE
E01011607,53.7864637673727,-1.65946057057382,53.7865699,-1.6593804,12.9160811177613,TRUE
E01011608,53.8008237513693,-1.63502542152953,53.800666,-1.6351726,20.0166129074238,TRUE
E01011609,53.80199836488,-1.64853542284686,53.8022078,-1.648233,30.5893058651958,TRUE
E01011610,53.8000967843784,-1.65559172691395,53.7999255,-1.6553027,26.874224529349,TRUE
E01011611,53.7996965106425,-1.64227852971733,53.7996714,-1.6422762,2.79480658715428,TRUE
E01011612,53.7965362015651,-1.66200658406991,53.7965533,-1.6620379,2.79934086151162,TRUE
E01011613,53.7960360231659,-1.68528841188318,53.7963737,-1.6850063,41.8474067294884,TRUE
E01011614,53.7958718565442,-1.64730035816688,53.7962201,-1.6473067,38.7035674866296,TRUE
E01011615,53.797418263773,-1.50381740841787,53.7973942,-1.5038309,2.81709537252191,TRUE
E01011616,53.7971290556541,-1.47889477987157,53.797275,-1.4791929,25.4164377184344,TRUE
E01011617,53.7989437908172,-1.49707781992218,53.7993038,-1.4970604,40.0252236953203,TRUE
E01011618,53.7967123222965,-1.50939953526962,53.79671,-1.5094002,0.261746207322609,TRUE
E01011620,53.7925212793702,-1.47700299593411,53.7925456,-1.4773316,21.7406810231653,TRUE
E01011621,53.7858317800572,-1.4983205368942,53.7858205,-1.4983217,1.25591017234861,TRUE
E01011622,53.7973487661967,-1.48905181909521,53.7974841,-1.4890842,15.1894920244305,TRUE
E01011623,53.795421367727,-1.51387299049957,53.7953316,-1.5137351,13.4704908950878,TRUE
E01011624,53.7806351176026,-1.48623403178866,53.7805376,-1.4862498,10.886772495945,TRUE
E01011625,53.7892175918084,-1.51226633706459,53.7886918,-1.512633,63.1971495671657,TRUE
E01011626,53.7903775082299,-1.52190843633781,53.7904467,-1.5220839,13.8500191354029,TRUE
E01011627,53.753460413265,-1.4689939879113,53.7532891,-1.4691813,22.6705584117157,TRUE
E01011628,53.7553074364977,-1.47660737823593,53.7552723,-1.4767111,7.85451551777092,TRUE
E01011629,53.7520491003721,-1.47887410649234,53.7513588,-1.4788322,76.7645362223448,TRUE
E01011630,53.7523644007058,-1.49718795848282,53.7524202,-1.4959007,84.8130847937827,TRUE
E01011632,53.7531943664192,-1.48788205797304,53.7532525,-1.4878798,6.46226079276842,TRUE
E01011633,53.7446513476788,-1.48088262209104,53.7445011,-1.4811627,24.8523325116339,TRUE
E01011634,53.7396754803764,-1.49660328312985,53.7394033,-1.4982935,115.142712248206,TRUE
E01011635,53.7449193620053,-1.45248677607268,53.7449368,-1.4524878,1.93910414515584,TRUE
E01011636,53.7383210022117,-1.47265448944676,53.7380743,-1.4728024,29.0896130864328,TRUE
E01011637,53.7572329024619,-1.44029431983608,53.7571733,-1.440367,8.16566307144743,TRUE
E01011638,53.7578576651584,-1.44860094491809,53.7578426,-1.4490717,30.9746974776336,TRUE
E01011639,53.7615752965174,-1.47772828192185,53.7617951,-1.4758722,124.359320739655,TRUE
E01011641,53.8299916564162,-1.50957609022741,53.8303618,-1.5096909,41.8187149578033,TRUE
E01011642,53.82504173827,-1.51571490826274,53.8256051,-1.5155683,63.3423608262351,TRUE
E01011643,53.8271453383315,-1.4978100213807,53.8272424,-1.4976716,14.0993375274101,TRUE
E01011644,53.8305011553043,-1.48092935750607,53.8289901,-1.4788948,214.493350867984,TRUE
E01011645,53.8253326980498,-1.50636873622249,53.8254151,-1.5061949,14.6249381836683,TRUE
E01011646,53.8234102761779,-1.49279327103888,53.8234787,-1.4927912,7.6053559472315,TRUE
E01011647,53.8208932835807,-1.51062695833138,53.8211314,-1.5106773,26.6678693368963,TRUE
E01011648,53.8209033410166,-1.50049551596135,53.821073,-1.5002854,23.3560399158674,TRUE
E01011649,53.8509732883587,-1.47754248609259,53.8511179,-1.4775523,16.0839931385782,TRUE
E01011650,53.8433127548791,-1.49272553670105,53.8429019,-1.4920678,62.8068509728977,TRUE
E01011651,53.8491228559804,-1.50937999233477,53.8490725,-1.509381,5.59659942939654,TRUE
E01011652,53.8448541218269,-1.5143616622954,53.8448887,-1.5143617,3.84277578672344,TRUE
E01011653,53.8433611871386,-1.50956103749951,53.843718,-1.5097159,40.9330751842667,TRUE
E01011654,53.8375538981079,-1.51485434576386,53.8374441,-1.5142163,43.5841272884221,TRUE
E01011655,53.8374041675563,-1.50780162212079,53.8375043,-1.5077945,11.1378124190856,TRUE
E01011656,53.8299018170056,-1.47435690888362,53.8299074,-1.4747848,28.0717843128101,TRUE
E01011657,53.8308515100732,-1.4663315691628,53.8306986,-1.4662206,18.486376912451,TRUE
E01011658,53.826141131203,-1.48120281834105,53.8261191,-1.481202,2.44898132293841,TRUE
E01011659,53.8234230000787,-1.46736342486561,53.8235304,-1.46732,12.2708984012377,TRUE
E01011660,53.8210936645218,-1.47186484825307,53.8210717,-1.4718837,2.7364005781283,TRUE
E01011661,53.8228752486993,-1.46032982133625,53.8226457,-1.4602693,25.8175229442117,TRUE
E01011662,53.8171163527326,-1.47762535575438,53.8174448,-1.4776176,36.5048660779538,TRUE
E01011663,53.8146271862446,-1.46575106932162,53.8149616,-1.4663075,52.0969221884576,TRUE
E01011664,53.8173015470337,-1.46708432252128,53.8173013,-1.4672057,7.96346313084157,TRUE
E01011665,53.8139999006542,-1.45853436819408,53.8137723,-1.4585331,25.2940729685741,TRUE
E01011666,53.811327111705,-1.45722930858143,53.8116289,-1.4572936,33.8029099422158,TRUE
E01011667,53.8112468852249,-1.47282287432409,53.8114803,-1.4728689,26.1152952943908,TRUE
E01011668,53.8167946060451,-1.55752076599089,53.8167536,-1.557429,7.5509241812319,TRUE
E01011669,53.8175226217858,-1.5505565986512,53.8175841,-1.5505486,6.85238052955864,TRUE
E01011670,53.8141265950327,-1.54878703659904,53.8141064,-1.5487502,3.29830976619318,TRUE
E01011671,53.8102611118925,-1.54208874349945,53.8103288,-1.542074,7.58433844485188,TRUE
E01011673,53.8098238336578,-1.52608040774313,53.8098796,-1.5261834,9.16976227104847,TRUE
E01011677,53.8064195128873,-1.51693381281856,53.8064961,-1.5169226,8.54310275574871,TRUE
E01011678,53.8013350232522,-1.56190986635532,53.8014574,-1.5618661,13.9001431131942,TRUE
E01011681,53.8057296236559,-1.56681781187207,53.8057285,-1.5668177,0.12509084646706,TRUE
E01011684,53.8425166256249,-1.59955421966752,53.8425932,-1.5996602,10.9867272736156,TRUE
E01011685,53.8311337868615,-1.5970040129967,53.8315028,-1.5969981,41.0113587891593,TRUE
E01011686,53.8387307175046,-1.61428149117567,53.8386469,-1.6142731,9.33112624241419,TRUE
E01011687,53.8371420188719,-1.59857297444458,53.8371081,-1.5985249,4.91407240987988,TRUE
E01011688,53.8311092012715,-1.55835629804248,53.8310701,-1.5583461,4.39661520751424,TRUE
E01011689,53.8318745118265,-1.57041556530678,53.831989,-1.5705357,14.9654871855749,TRUE
E01011690,53.8292389177867,-1.58250841441162,53.8292248,-1.582471,2.91269287081206,TRUE
E01011691,53.8282196132899,-1.56381939006993,53.8281933,-1.5640268,13.9150894463701,TRUE
E01011692,53.8281263401131,-1.57468139710922,53.8282433,-1.5749721,23.0765455022139,TRUE
E01011693,53.8262306229798,-1.56902917496415,53.8262471,-1.5689754,3.97432823832434,TRUE
E01011694,53.8252518587491,-1.58276808715996,53.8254808,-1.5827509,25.4678868541932,TRUE
E01011695,53.8462964357758,-1.60702501880463,53.846736,-1.6065808,56.8731401877727,TRUE
E01011696,53.8993545289186,-1.4037327759387,53.8992716,-1.4037287,9.22000052640492,TRUE
E01011697,53.9205027592319,-1.33032467291541,53.9204463,-1.3300464,19.262689182467,TRUE
E01011698,53.9376538919605,-1.38933061856066,53.937675,-1.3893459,2.54994115098604,TRUE
E01011699,53.9400093060694,-1.39727627818215,53.9398707,-1.3973529,16.1986905928615,TRUE
E01011700,53.9365193798609,-1.37315569198982,53.9367569,-1.3746514,101.349566527818,TRUE
E01011701,53.9341302140985,-1.39161509884117,53.9343735,-1.3916032,27.0482894652491,TRUE
E01011702,53.9260231389942,-1.40129761133977,53.9260306,-1.401316,1.46133494542548,TRUE
E01011703,53.9316625306897,-1.40533946437143,53.9315886,-1.404815,35.2853625124967,TRUE
E01011704,53.9260270352777,-1.36847740698177,53.9258893,-1.3684765,15.3070451992142,TRUE
E01011705,53.9290009976523,-1.3778872235559,53.928946,-1.3778764,6.15294781407895,TRUE
E01011706,53.9142255498122,-1.41445518516402,53.913868,-1.4143895,39.9675103779465,TRUE
E01011707,53.9043191212236,-1.36873778746166,53.9044756,-1.3662711,162.433132125521,TRUE
E01011708,53.9002998349198,-1.46493812419209,53.8998192,-1.4650299,53.751365660662,TRUE
E01011709,53.9012017198093,-1.35090111632355,53.9014448,-1.3509066,27.0166089829479,TRUE
E01011710,53.8896680168911,-1.35261417462075,53.8897312,-1.3526668,7.82205081638638,TRUE
E01011711,53.9010376081434,-1.33713877518919,53.9015543,-1.3368731,59.9986415121038,TRUE
E01011712,53.8792501100315,-1.36448405812249,53.879899,-1.3644927,72.1152900178366,TRUE
E01011713,53.8797721472993,-1.4427189589259,53.879033,-1.4399618,198.426575920712,TRUE
E01011714,53.8366764142256,-1.45282459060069,53.8366955,-1.4528229,2.12395425111073,TRUE
E01011715,53.8364072815613,-1.42485955154905,53.8365164,-1.4244649,28.5808988697586,TRUE
E01011716,53.8390279258593,-1.46986541688659,53.8389162,-1.468955,60.9778659810811,TRUE
E01011717,53.8347586035105,-1.46230088005377,53.8347486,-1.4622988,1.12005774962566,TRUE
E01011718,53.8320351501827,-1.45473044094363,53.8319356,-1.4547257,11.0676758620467,TRUE
E01011719,53.8237343256907,-1.41608431069113,53.8246793,-1.4169769,120.237554147231,TRUE
E01011720,53.826952881029,-1.45517012349065,53.8269375,-1.455169,1.7109272168469,TRUE
E01011721,53.8256262315686,-1.44425394657361,53.8256614,-1.4442987,4.88807609786028,TRUE
E01011722,53.8209597886353,-1.43439757387773,53.8209857,-1.4343932,2.89386760452623,TRUE
E01011723,53.8206238694701,-1.44418789109269,53.8207041,-1.4442041,8.97944153409008,TRUE
E01011724,53.8189255932216,-1.45132947273044,53.8187414,-1.4512986,20.5699013675053,TRUE
E01011725,53.7953896684013,-1.61380381119566,53.7956828,-1.6137712,32.6468436425793,TRUE
E01011726,53.7883101132767,-1.6245857128421,53.7882665,-1.6245081,7.0325899486908,TRUE
E01011727,53.795045413576,-1.63445624842877,53.7951205,-1.63447,8.39326132798799,TRUE
E01011728,53.7797495763161,-1.63345696246875,53.7795653,-1.6334357,20.5267164893467,TRUE
E01011729,53.793675834074,-1.60179591140833,53.7935593,-1.6017768,13.0114032425285,TRUE
E01011730,53.7899163315032,-1.61263711135995,53.7899249,-1.6126358,0.956126405344451,TRUE
E01011731,53.7878542615433,-1.59940924618952,53.7876179,-1.5994014,26.2726105046691,TRUE
E01011732,53.7895805857407,-1.59163943113987,53.7895684,-1.591641,1.35814875361586,TRUE
E01011733,53.7865363031966,-1.58752705393282,53.7864001,-1.5869706,39.5465469757197,TRUE
E01011734,53.7752395004626,-1.60202257314477,53.7753799,-1.6018387,19.7301314792309,TRUE
E01011735,53.7860527073537,-1.61393323338203,53.7860738,-1.6139318,2.34597686982094,TRUE
E01011736,53.7841991785836,-1.59519429694033,53.7841196,-1.5949625,17.6028033152282,TRUE
E01011737,53.7829348065278,-1.60510260087394,53.7828981,-1.6051069,4.08906108762774,TRUE
E01011738,53.7790307323126,-1.6215881882216,53.778907,-1.6214192,17.6700705447876,TRUE
E01011739,53.7983841863497,-1.62063549434689,53.7984525,-1.6207439,10.4051939238924,TRUE
E01032487,53.7527510072208,-1.45299887739729,53.7529778,-1.4530693,25.625428037194,TRUE
E01032488,53.7555284127496,-1.46168151507465,53.7557893,-1.4616874,28.9957526260956,TRUE
E01032489,53.7482620060145,-1.5928665891076,53.7482909,-1.5929182,4.67061107246476,TRUE
E01032490,53.7436714837398,-1.5857506345163,53.743655,-1.5857577,1.88982810667002,TRUE
E01032491,53.7394053463843,-1.58728930702858,53.7394594,-1.5872936,6.01376261104692,TRUE
E01032492,53.7452586351713,-1.5951209914282,53.7452379,-1.5953539,15.479563992811,TRUE
E01032493,53.8257863781115,-1.61551474237015,53.8259125,-1.6155151,14.0163193672331,TRUE
E01032494,53.8287445262676,-1.62071301546086,53.8287697,-1.6203307,25.2319300951469,TRUE
E01032496,53.7386356349297,-1.50682541849776,53.7388469,-1.5067997,23.5392965077862,TRUE
E01032497,53.7579744611158,-1.54070516458595,53.7581398,-1.5409375,23.8880484556568,TRUE
E01032498,53.7522513859847,-1.5504897722129,53.7520052,-1.5504884,27.3595276062822,TRUE
E01032499,53.8007436670573,-1.608601662471,53.8004695,-1.6085845,30.4898143854663,TRUE
E01032500,53.7988935843583,-1.59748288904716,53.7989911,-1.5974925,10.8555477841271,TRUE
E01032501,53.8496673032721,-1.62553049263912,53.8494946,-1.6255119,19.2316926898472,TRUE
E01032502,53.8454076855615,-1.62370190916803,53.8453138,-1.6235299,15.3639554807817,TRUE
E01032503,53.8750818024541,-1.64217584888605,53.8754544,-1.6421285,41.5239137949704,TRUE
E01032504,53.8777693540057,-1.60237637608049,53.8777505,-1.6023773,2.09617571336193,TRUE
E01032606,53.80170585919,-1.61970753856844,53.8016928,-1.6197951,5.9273497395956,TRUE
E01032607,53.7957823212488,-1.5975993767455,53.7958769,-1.5975752,10.6299530795168,TRUE
E01032608,53.7992894376162,-1.60207539913676,53.7994376,-1.601759,26.5029349541242,TRUE
E01032876,53.839273587911,-1.5812834543551,53.8393613,-1.5811521,13.0080511990346,TRUE
E01032946,53.8179887453567,-1.56861466166881,53.8179633,-1.5685946,3.11912371703656,TRUE
E01033002,53.8045292407467,-1.53998587223424,53.8045973,-1.5399818,7.56834693862075,TRUE
E01033003,53.8050983023479,-1.53491064321716,53.8050966,-1.5349069,0.310064628764694,TRUE
E01033008,53.8003534214193,-1.55211547155698,53.8001336,-1.5525366,36.889248407712,TRUE
E01033010,53.8001043877802,-1.54223724387122,53.8000029,-1.5422388,11.2791006342402,TRUE
E01033011,53.7965401713972,-1.53437915435697,53.7965296,-1.5343789,1.17494937067758,TRUE
E01033013,53.7900194296872,-1.56284507926934,53.7901287,-1.5628411,12.1463438739597,TRUE
E01033015,53.7940918973843,-1.55536440173195,53.7939385,-1.5551895,20.5533717920235,TRUE
E01033016,53.7910035857546,-1.5451702544804,53.7912383,-1.5447045,40.1911739371382,TRUE
E01033021,53.7953979439621,-1.5222334546108,53.7953409,-1.5220431,14.0116046786825,TRUE
E01033031,53.8047931988835,-1.52761075878365,53.8048209,-1.5276125,3.0806274371024,TRUE
E01033033,53.7955105537548,-1.53074862743774,53.795698,-1.5306214,22.443215531077,TRUE
E01033034,53.7926360860183,-1.52960589677633,53.7926174,-1.5295481,4.32531787053576,TRUE
E01033035,53.8050595518584,-1.52275077330812,53.8051256,-1.5227408,7.369250556137,TRUE
E01035040,53.8196718989034,-1.58755695421016,53.8196993,-1.5875231,3.76906989140533,TRUE
E01035041,53.8172354229735,-1.58500858647089,53.8172284,-1.5845687,28.8709688390121,TRUE
E01035042,53.8123244829769,-1.55974334105514,53.8123714,-1.5596087,10.2585283811304,TRUE
E01035043,53.8072119676228,-1.54839837712333,53.8073304,-1.5484393,13.4329280574253,TRUE
E01035044,53.8080256118284,-1.55884959976444,53.808025,-1.5588491,0.0754904742449731,TRUE
E01035045,53.8041507273884,-1.56202277587527,53.8036475,-1.5616614,60.7463384297599,TRUE
E01035046,53.7889690087509,-1.54737627847675,53.7889824,-1.5473758,1.48854075535925,TRUE
E01035047,53.787982943833,-1.55168395204623,53.7879542,-1.5516847,3.19476488729213,TRUE
E01035048,53.7487997989075,-1.53175967639066,53.7487234,-1.5316739,10.1912654482514,TRUE
E01035049,53.7458580885137,-1.52152967418924,53.7459058,-1.5215243,5.31406938236511,TRUE
E01035050,53.7401862294081,-1.54043064023705,53.7403875,-1.5404785,22.5879247967847,TRUE
E01035051,53.7400274444478,-1.52654780645208,53.739963,-1.5273456,52.9255011104177,TRUE
E01035052,53.7342210667099,-1.53416550109847,53.7337241,-1.5341593,55.2308896435019,TRUE
E01035053,53.73207474223,-1.51295198420928,53.7322316,-1.5127606,21.4984381870215,TRUE
E01035054,53.7887159170784,-1.53121776719466,53.7886036,-1.5313804,16.4259170779512,TRUE
