id,name,lat,lon
E01011264,Leeds 011A,53.8718838958965,-1.68105212397387
E01011265,Leeds 009A,53.8739330462337,-1.71097912848413
E01011266,Leeds 008A,53.8783504435552,-1.73799368686565
E01011267,Leeds 009B,53.8740772494895,-1.70274542102154
E01011268,Leeds 010A,53.8732459476167,-1.69389823111966
E01011269,Leeds 011B,53.8700386840449,-1.67413634236088
E01011270,Leeds 008B,53.8800893650734,-1.76744103428458
E01011271,Leeds 009C,53.8704389765388,-1.71734157532155
E01011272,Leeds 009D,53.8651435660155,-1.70667081876198
E01011273,Leeds 010B,53.8669319040218,-1.69584150366985
E01011274,Leeds 010C,53.8641143401955,-1.68741436238905
E01011275,Leeds 010D,53.863801179741,-1.69610735255417
E01011276,Leeds 011C,53.862040053573,-1.68044637560743
E01011277,Leeds 014A,53.8571390953405,-1.6941246239545
E01011278,Leeds 014B,53.8568379203122,-1.68666464278594
E01011279,Leeds 008C,53.8840704230983,-1.70113126121142
E01011280,Leeds 008D,53.8800248985608,-1.71438156561532
E01011281,Leeds 059A,53.8099907302621,-1.60519527524067
E01011282,Leeds 059B,53.8096202781548,-1.6229236021755
E01011283,Leeds 059C,53.8059971274885,-1.60997499747043
E01011284,Leeds 071A,53.8029471849067,-1.58750435529971
E01011286,Leeds 059D,53.8066876692103,-1.61832438566227
E01011287,Leeds 067B,53.8038176966556,-1.63417034021989
E01011292,Leeds 071B,53.796018477725,-1.59185776173795
E01011293,Leeds 071C,53.7971761789075,-1.58607365628369
E01011294,Leeds 071D,53.7952141678245,-1.57849442056274
E01011295,Leeds 059E,53.8106587609855,-1.6168179855306
E01011296,Leeds 030A,53.8154601361641,-1.39011378843139
E01011297,Leeds 030B,53.809543655959,-1.36472025804427
E01011298,Leeds 088A,53.7949484969516,-1.33764409178929
E01011299,Leeds 088B,53.7576518478182,-1.32434378321554
E01011300,Leeds 089A,53.7769485110332,-1.38104053800873
E01011301,Leeds 089B,53.7731251692598,-1.37161510160821
E01011302,Leeds 088C,53.7761597801702,-1.36125067511754
E01011303,Leeds 088D,53.7618110075505,-1.36053979602184
E01011304,Leeds 089C,53.7662291964461,-1.37052030503665
E01011305,Leeds 089D,53.7638967281155,-1.37399777202377
E01011306,Leeds 089E,53.76816202513,-1.38297886978208
E01011307,Leeds 103A,53.7509885454588,-1.36793739454938
E01011308,Leeds 103B,53.7540122356533,-1.38274736342599
E01011309,Leeds 030C,53.8515139711464,-1.37280071703003
E01011310,Leeds 030D,53.8595541656296,-1.41167444244649
E01011311,Leeds 022A,53.8581909784119,-1.44676324597663
E01011312,Leeds 086A,53.7735714331882,-1.54749244957256
E01011313,Leeds 091A,53.772341288077,-1.56084076397093
E01011314,Leeds 091B,53.773684767971,-1.5590905226342
E01011315,Leeds 090A,53.7701831968099,-1.56568509782883
E01011316,Leeds 086B,53.7708517437158,-1.55295777320757
E01011317,Leeds 090B,53.7679662404115,-1.57761336933882
E01011318,Leeds 090C,53.7718344302081,-1.5848104736132
E01011319,Leeds 091C,53.7672360646608,-1.55598671369237
E01011320,Leeds 091D,53.766505005999,-1.55910505760779
E01011321,Leeds 090D,53.7636925950155,-1.57007094477582
E01011322,Leeds 091E,53.7660897987529,-1.54611761049015
E01011323,Leeds 051A,53.8153513071798,-1.62983867333126
E01011324,Leeds 046A,53.8182731441927,-1.61297139028447
E01011325,Leeds 046B,53.8223478471145,-1.62939634736916
E01011326,Leeds 046C,53.8180593024489,-1.62482191193062
E01011327,Leeds 052A,53.8207762965217,-1.65098119774134
E01011328,Leeds 052B,53.8125850220645,-1.65737058832245
E01011329,Leeds 051B,53.8146392242093,-1.63896610313819
E01011330,Leeds 051C,53.8186409637881,-1.64333104494117
E01011331,Leeds 058A,53.81138353931,-1.63131655545974
E01011332,Leeds 046D,53.8142118168121,-1.61987327998383
E01011333,Leeds 051D,53.8115809952309,-1.6473586903251
E01011334,Leeds 058B,53.8081386207449,-1.63434723533139
E01011335,Leeds 052C,53.8087586619879,-1.65992434001354
E01011336,Leeds 058C,53.8096861936551,-1.62775371026958
E01011337,Leeds 058D,53.8086282126346,-1.64072112506912
E01011338,Leeds 064A,53.7993497207244,-1.52213818612991
E01011339,Leeds 060A,53.8118016616045,-1.4852844750739
E01011340,Leeds 060B,53.8065173924344,-1.50129720404333
E01011341,Leeds 061A,53.8031077357194,-1.47476488706638
E01011342,Leeds 060C,53.8075048092766,-1.49466986090067
E01011343,Leeds 061B,53.8083704317858,-1.4726152346113
E01011344,Leeds 065A,53.8075673328107,-1.50749205815679
E01011345,Leeds 061C,53.8056167586398,-1.4562509734743
E01011346,Leeds 060D,53.8064606068127,-1.48581154640629
E01011347,Leeds 065B,53.8046062962579,-1.50931142071754
E01011348,Leeds 065C,53.8015472118263,-1.50805511246082
E01011349,Leeds 065D,53.8020504910208,-1.51854103851555
E01011350,Leeds 034A,53.8305511370013,-1.54357816371788
E01011351,Leeds 034B,53.831566435287,-1.53307388321063
E01011352,Leeds 034C,53.8277937137835,-1.53820318313409
E01011353,Leeds 034D,53.8264691291278,-1.52764031824215
E01011354,Leeds 038A,53.8278881556505,-1.55552266662418
E01011355,Leeds 038B,53.8240583431139,-1.55225855183035
E01011356,Leeds 042A,53.8231210453895,-1.53184544820774
E01011357,Leeds 038C,53.8165431436003,-1.5407906437743
E01011358,Leeds 042B,53.8220998347297,-1.54079830547187
E01011359,Leeds 042C,53.8206664427784,-1.52094835305316
E01011360,Leeds 042D,53.8154262247455,-1.53450182551053
E01011361,Leeds 042E,53.8139218845655,-1.52662426954895
E01011362,Leeds 081A,53.7869780165254,-1.57737702153692
E01011363,Leeds 071E,53.7952634018542,-1.56989170907039
E01011364,Leeds 085A,53.7837844636896,-1.54521372521501
E01011366,Leeds 082A,53.7823538585424,-1.56784636845357
E01011368,Leeds 082C,53.7815404377815,-1.55769590296883
E01011369,Leeds 090E,53.7767822628232,-1.57570654899147
E01011370,Leeds 082D,53.7765252218266,-1.56419639730547
E01011371,Leeds 085B,53.7790884932157,-1.54567629129694
E01011372,Leeds 086C,53.7770937399676,-1.54781365760235
E01011373,Leeds 085C,53.7781151082176,-1.55306724035651
E01011374,Leeds 085D,53.7778207030971,-1.54097507914025
E01011375,Leeds 086D,53.7746224348192,-1.5537614075461
E01011376,Leeds 013A,53.8651955618558,-1.62445480795251
E01011377,Leeds 013B,53.859106728894,-1.61864788511614
E01011378,Leeds 013C,53.8600275627472,-1.60942685547547
E01011379,Leeds 017A,53.8542647807132,-1.60875426786302
E01011380,Leeds 016A,53.8525922580188,-1.58083938287341
E01011381,Leeds 016B,53.8639331883221,-1.59457841795186
E01011382,Leeds 013D,53.8540419509315,-1.6258859577501
E01011383,Leeds 019A,53.8508150266902,-1.60095466195822
E01011384,Leeds 017B,53.8527704592636,-1.61989822690482
E01011385,Leeds 016C,53.8487625232211,-1.57329473883877
E01011386,Leeds 016D,53.8513217272813,-1.5899169005859
E01011388,Leeds 019B,53.8455615474189,-1.61396723417578
E01011390,Leeds 087A,53.7696001513988,-1.41541488871804
E01011391,Leeds 087B,53.7691217708678,-1.42476041616629
E01011392,Leeds 087C,53.7597883663902,-1.39875086868134
E01011393,Leeds 103C,53.7392410878272,-1.40850011483097
E01011394,Leeds 103D,53.7388802571746,-1.38142353778449
E01011395,Leeds 103E,53.7292143430838,-1.40028753171596
E01011396,Leeds 074A,53.7974879343429,-1.38942429070262
E01011397,Leeds 077A,53.7935512917283,-1.37234934899059
E01011398,Leeds 077B,53.7955593349809,-1.3664491768846
E01011399,Leeds 074B,53.793476047028,-1.40189891003289
E01011400,Leeds 074C,53.7969774288631,-1.37710768302331
E01011401,Leeds 077C,53.7881558290218,-1.37517248832023
E01011402,Leeds 087D,53.7695710702448,-1.43514243832491
E01011403,Leeds 074D,53.7905288482316,-1.38141777327469
E01011404,Leeds 077D,53.7854896262616,-1.3649508559703
E01011405,Leeds 077E,53.7852479742506,-1.38273346057577
E01011406,Leeds 057A,53.8118931558566,-1.44952776329265
E01011407,Leeds 057B,53.8123185334409,-1.43867807242185
E01011408,Leeds 057C,53.8058551912843,-1.45142741398209
E01011409,Leeds 057D,53.8079846357376,-1.44426523696611
E01011410,Leeds 057E,53.8053986973041,-1.41415061858619
E01011411,Leeds 073A,53.7915832186569,-1.43361491826805
E01011412,Leeds 057F,53.8030543748504,-1.43813332795122
E01011413,Leeds 069A,53.8015602947351,-1.4623234028567
E01011414,Leeds 073B,53.7987268606772,-1.45050594349104
E01011415,Leeds 069B,53.7968815762426,-1.47226588675956
E01011416,Leeds 069C,53.7977427857625,-1.45548813794793
E01011417,Leeds 069D,53.7961092344258,-1.46539968351502
E01011418,Leeds 073C,53.7922733789984,-1.43854588053713
E01011419,Leeds 073D,53.7893212957032,-1.44859989702609
E01011420,Leeds 069E,53.7793530780878,-1.4568958894774
E01011421,Leeds 040A,53.8211187221527,-1.49252938170228
E01011422,Leeds 048A,53.8183190867575,-1.51656094190212
E01011423,Leeds 047A,53.8179137263956,-1.49819229986597
E01011424,Leeds 047B,53.816324073668,-1.50162533932592
E01011425,Leeds 040B,53.8206584936487,-1.48553873175931
E01011426,Leeds 048B,53.8166868167913,-1.52228124762872
E01011427,Leeds 047C,53.8152143624382,-1.50668361101055
E01011428,Leeds 048C,53.8151444829488,-1.51567485060494
E01011429,Leeds 048D,53.8137002775197,-1.52201428389434
E01011430,Leeds 053A,53.8133022023941,-1.51048454090569
E01011431,Leeds 047D,53.8129569225968,-1.50050600428604
E01011432,Leeds 053B,53.8119796979081,-1.51076677878061
E01011433,Leeds 053C,53.809006041752,-1.51064087199798
E01011434,Leeds 053D,53.8113806454954,-1.51583313827705
E01011435,Leeds 044A,53.8203098823825,-1.5827943871115
E01011440,Leeds 044D,53.8205933205115,-1.5787058238168
E01011441,Leeds 044E,53.814058622105,-1.57883558350653
E01011442,Leeds 110A,53.8152417284776,-1.5732099761435
E01011443,Leeds 110B,53.8159263422641,-1.56221942266459
E01011444,Leeds 110C,53.8125363940322,-1.56602359524694
E01011445,Leeds 054A,53.8126101389704,-1.56984492115216
E01011446,Leeds 054B,53.8125058866997,-1.57488392361803
E01011447,Leeds 054C,53.8103369485068,-1.57498877539216
E01011448,Leeds 054D,53.8093443793345,-1.56741189184368
E01011449,Leeds 054E,53.8091937808153,-1.57119572020185
E01011450,Leeds 038D,53.8232091416404,-1.5630263899298
E01011451,Leeds 110D,53.8218568994878,-1.57299382194066
E01011452,Leeds 027A,53.8316920768432,-1.65509646005363
E01011453,Leeds 028A,53.831160129571,-1.62965583567363
E01011454,Leeds 027B,53.8305154441236,-1.64358610610225
E01011455,Leeds 021A,53.8491635767698,-1.65315876546936
E01011456,Leeds 021B,53.849995606562,-1.63840605108807
E01011457,Leeds 027C,53.8439812072638,-1.6877117556552
E01011458,Leeds 027D,53.8405602727373,-1.66435435024479
E01011459,Leeds 021C,53.845006400382,-1.63426861179613
E01011460,Leeds 028B,53.84188733561,-1.62533664274738
E01011461,Leeds 021D,53.8410329761901,-1.65666924309752
E01011462,Leeds 028C,53.8365711839183,-1.63488527907966
E01011463,Leeds 028D,53.8380715465787,-1.62732391192311
E01011464,Leeds 028E,53.8363465867692,-1.61977933267273
E01011465,Leeds 027E,53.834583778737,-1.64296698449502
E01011466,Leeds 094A,53.7534338519017,-1.52762210222747
E01011467,Leeds 112A,53.781697613249,-1.53088936517701
E01011468,Leeds 112B,53.7745768262731,-1.5192857352169
E01011469,Leeds 094B,53.7631548019073,-1.5135218025004
E01011470,Leeds 112C,53.7666253001396,-1.50697336757445
E01011471,Leeds 092A,53.7701633594233,-1.53445887969658
E01011472,Leeds 092B,53.7690219489677,-1.52694965369507
E01011473,Leeds 092C,53.7644539766538,-1.53441004668251
E01011474,Leeds 092D,53.7639045458384,-1.52406593277841
E01011475,Leeds 094C,53.7582409312286,-1.52892614917092
E01011476,Leeds 094D,53.756325294969,-1.5233385702435
E01011477,Leeds 045A,53.8152438511827,-1.59651933791257
E01011478,Leeds 056A,53.811353361091,-1.58463894465435
E01011479,Leeds 056B,53.8126818196347,-1.58222186593913
E01011480,Leeds 045B,53.8133639091527,-1.59214500963927
E01011481,Leeds 056C,53.8082630596733,-1.57707608488721
E01011482,Leeds 056D,53.8069815293172,-1.58520526410579
E01011483,Leeds 056E,53.8052405412704,-1.57917941678892
E01011484,Leeds 033A,53.8305507080603,-1.61019143111222
E01011485,Leeds 033B,53.8265290881414,-1.6062920384736
E01011488,Leeds 045C,53.8197957200403,-1.60481275825234
E01011489,Leeds 045D,53.8204325434746,-1.59610267339922
E01011491,Leeds 101A,53.7456596575592,-1.55368945784251
E01011492,Leeds 101B,53.7434363536686,-1.53853366704474
E01011493,Leeds 101C,53.7509371504587,-1.56554721504483
E01011494,Leeds 101D,53.7454293727791,-1.54504344132985
E01011496,Leeds 100A,53.7511999003608,-1.50939431851987
E01011497,Leeds 101E,53.7429109857777,-1.550254981362
E01011500,Leeds 105D,53.7292556322158,-1.49668270080198
E01011502,Leeds 099C,53.7498535185075,-1.51959611877452
E01011504,Leeds 032A,53.8340052253181,-1.52916752099271
E01011505,Leeds 025A,53.837356089406,-1.55225529761671
E01011506,Leeds 025B,53.8371789542725,-1.54581275735491
E01011507,Leeds 025C,53.8319061650721,-1.5487060712446
E01011508,Leeds 024A,53.8448586862787,-1.51996178774869
E01011509,Leeds 023A,53.846514768954,-1.52865707625013
E01011510,Leeds 025D,53.8450452597228,-1.54376257293718
E01011511,Leeds 023B,53.842414522426,-1.52663230719263
E01011512,Leeds 023C,53.843852621954,-1.53209297089154
E01011513,Leeds 031A,53.8373699185938,-1.56694653096916
E01011514,Leeds 025E,53.8423163915311,-1.54035605527525
E01011515,Leeds 023D,53.8372637347387,-1.54063283971844
E01011516,Leeds 023E,53.8368864128167,-1.53461674925305
E01011517,Leeds 024B,53.837434685961,-1.52047259304225
E01011518,Leeds 093A,53.7632254239129,-1.58579434758188
E01011519,Leeds 095A,53.7627472876726,-1.62811298940917
E01011520,Leeds 096A,53.7615271670276,-1.63936490130758
E01011521,Leeds 096B,53.7596524786572,-1.66148218988106
E01011522,Leeds 095B,53.7573926331166,-1.61862400055856
E01011523,Leeds 096C,53.7522069173848,-1.64076988093629
E01011524,Leeds 093B,53.7594881888466,-1.59032346817437
E01011525,Leeds 095C,53.750954800413,-1.60313344909648
E01011526,Leeds 093C,53.7580382423233,-1.59825846823742
E01011527,Leeds 096D,53.7516641054327,-1.66598265838715
E01011528,Leeds 095D,53.7556682694337,-1.60598972910464
E01011529,Leeds 096E,53.7510660576521,-1.65076981900772
E01011530,Leeds 106A,53.7393144127584,-1.62852759455366
E01011531,Leeds 093D,53.7555220644484,-1.58512449805752
E01011532,Leeds 095E,53.7519030950608,-1.6103729547407
E01011533,Leeds 104A,53.7493023385341,-1.60041995231481
E01011534,Leeds 106B,53.7338671460498,-1.62183385555543
E01011535,Leeds 108A,53.7199804140528,-1.57451700686652
E01011536,Leeds 108B,53.7117883134336,-1.56154991561361
E01011537,Leeds 107A,53.7196938122688,-1.54219261947486
E01011538,Leeds 107B,53.7341009451591,-1.55880058644233
E01011540,Leeds 102B,53.74372427723,-1.57460092862635
E01011541,Leeds 104B,53.7432479563669,-1.60073780839661
E01011545,Leeds 104C,53.7394427515623,-1.60719064480857
E01011546,Leeds 106C,53.7284707375979,-1.61713719291993
E01011547,Leeds 104D,53.7369709121777,-1.59534951626263
E01011548,Leeds 106D,53.7238253127716,-1.59574980815623
E01011549,Leeds 108C,53.7281830589837,-1.57256701648066
E01011550,Leeds 106E,53.7305395367681,-1.58759573195984
E01011551,Leeds 107C,53.7263031885652,-1.52973517568816
E01011552,Leeds 107D,53.7251629487364,-1.56193704426258
E01011553,Leeds 108D,53.7288615658047,-1.5670618664672
E01011554,Leeds 012A,53.870352464607,-1.5587765423345
E01011555,Leeds 018A,53.8539456657551,-1.5468163472125
E01011556,Leeds 015A,53.8519637517289,-1.52588581408551
E01011557,Leeds 015B,53.8543572276312,-1.5295385700756
E01011558,Leeds 018B,53.8487553950588,-1.53989798764872
E01011559,Leeds 018C,53.8469998910308,-1.5544237326875
E01011560,Leeds 018D,53.8468516822812,-1.5600801957787
E01011561,Leeds 006A,53.8858190690675,-1.51571623861504
E01011562,Leeds 012B,53.8635902757769,-1.52176919899685
E01011563,Leeds 012C,53.8630745267051,-1.54333560071402
E01011564,Leeds 012D,53.8596599739864,-1.55897453938442
E01011565,Leeds 015C,53.856828878106,-1.5350112551367
E01011566,Leeds 015D,53.8558219431388,-1.506818452552
E01011567,Leeds 012E,53.8549404264534,-1.55679874153238
E01011568,Leeds 015E,53.8536974657347,-1.51744246341002
E01011569,Leeds 004A,53.9011062393512,-1.66304018062156
E01011570,Leeds 007A,53.8977129582359,-1.63275957157075
E01011571,Leeds 004B,53.8986738543766,-1.70117043718916
E01011572,Leeds 004C,53.9040546784689,-1.6805142647265
E01011573,Leeds 004D,53.9012357586735,-1.72242268841658
E01011574,Leeds 004E,53.9033447900089,-1.69751564224792
E01011576,Leeds 007C,53.8959451437034,-1.59075485875395
E01011578,Leeds 011D,53.8674423366279,-1.6711377769197
E01011579,Leeds 014C,53.8566697552301,-1.67743159822586
E01011580,Leeds 014D,53.8564273448454,-1.6659046229596
E01011581,Leeds 003A,53.9130269434578,-1.70087875602165
E01011582,Leeds 003B,53.9093328733603,-1.71259557670539
E01011583,Leeds 003C,53.9142876500743,-1.69537239397638
E01011584,Leeds 003D,53.9105350585884,-1.69088714432426
E01011585,Leeds 062A,53.8002093895362,-1.67251710592494
E01011586,Leeds 066A,53.7977492059795,-1.69814949382523
E01011587,Leeds 062B,53.802924295134,-1.66543979717855
E01011588,Leeds 039A,53.8211846585169,-1.67846343119806
E01011589,Leeds 039B,53.8329139806521,-1.67892802079105
E01011590,Leeds 039C,53.8234746752047,-1.69837946397038
E01011591,Leeds 052D,53.8226962256532,-1.65682295778427
E01011592,Leeds 039D,53.8153657174787,-1.67426334642
E01011593,Leeds 039E,53.817284581616,-1.66532610878437
E01011594,Leeds 062C,53.8111652177674,-1.6787280442501
E01011595,Leeds 066B,53.8080284350814,-1.68793895507307
E01011596,Leeds 062D,53.808782353316,-1.66655968391455
E01011597,Leeds 066C,53.8035208114357,-1.69701100186683
E01011598,Leeds 062E,53.8087203152683,-1.67266241512517
E01011599,Leeds 066D,53.8042277474514,-1.6807218156356
E01011600,Leeds 079A,53.79228092992,-1.65689601357608
E01011601,Leeds 079B,53.7869301072126,-1.64749037551148
E01011602,Leeds 076A,53.7941927158829,-1.67175101143284
E01011603,Leeds 076B,53.7857244325151,-1.67028764098845
E01011604,Leeds 079C,53.7903680047937,-1.66328752018562
E01011605,Leeds 076C,53.7908509642832,-1.68080493050984
E01011606,Leeds 076D,53.7903845162476,-1.69788074393687
E01011607,Leeds 079D,53.7864637673727,-1.65946057057382
E01011608,Leeds 068A,53.8008237513693,-1.63502542152953
E01011609,Leeds 068B,53.80199836488,-1.64853542284686
E01011610,Leeds 068C,53.8000967843784,-1.65559172691395
E01011611,Leeds 068D,53.7996965106425,-1.64227852971733
E01011612,Leeds 079E,53.7965362015651,-1.66200658406991
E01011613,Leeds 076E,53.7960360231659,-1.68528841188318
E01011614,Leeds 068E,53.7958718565442,-1.64730035816688
E01011615,Leeds 070A,53.797418263773,-1.50381740841787
E01011616,Leeds 072A,53.7971290556541,-1.47889477987157
E01011617,Leeds 070B,53.7989437908172,-1.49707781992218
E01011618,Leeds 070C,53.7967123222965,-1.50939953526962
E01011620,Leeds 072B,53.7925212793702,-1.47700299593411
E01011621,Leeds 070D,53.7858317800572,-1.4983205368942
E01011622,Leeds 072C,53.7973487661967,-1.48905181909521
E01011623,Leeds 075B,53.795421367727,-1.51387299049957
E01011624,Leeds 072D,53.7806351176026,-1.48623403178866
E01011625,Leeds 075C,53.7892175918084,-1.51226633706459
E01011626,Leeds 075D,53.7903775082299,-1.52190843633781
E01011627,Leeds 098A,53.753460413265,-1.4689939879113
E01011628,Leeds 098B,53.7553074364977,-1.47660737823593
E01011629,Leeds 098C,53.7520491003721,-1.47887410649234
E01011630,Leeds 100B,53.7523644007058,-1.49718795848282
E01011632,Leeds 098D,53.7531943664192,-1.48788205797304
E01011633,Leeds 098E,53.7446513476788,-1.48088262209104
E01011634,Leeds 100C,53.7396754803764,-1.49660328312985
E01011635,Leeds 097B,53.7449193620053,-1.45248677607268
E01011636,Leeds 100D,53.7383210022117,-1.47265448944676
E01011637,Leeds 097C,53.7572329024619,-1.44029431983608
E01011638,Leeds 097D,53.7578576651584,-1.44860094491809
E01011639,Leeds 100E,53.7615752965174,-1.47772828192185
E01011641,Leeds 032B,53.8299916564162,-1.50957609022741
E01011642,Leeds 032C,53.82504173827,-1.51571490826274
E01011643,Leeds 037A,53.8271453383315,-1.4978100213807
E01011644,Leeds 037B,53.8305011553043,-1.48092935750607
E01011645,Leeds 032D,53.8253326980498,-1.50636873622249
E01011646,Leeds 037C,53.8234102761779,-1.49279327103888
E01011647,Leeds 037D,53.8208932835807,-1.51062695833138
E01011648,Leeds 037E,53.8209033410166,-1.50049551596135
E01011649,Leeds 022B,53.8509732883587,-1.47754248609259
E01011650,Leeds 020A,53.8433127548791,-1.49272553670105
E01011651,Leeds 020B,53.8491228559804,-1.50937999233477
E01011652,Leeds 024C,53.8448541218269,-1.5143616622954
E01011653,Leeds 020C,53.8433611871386,-1.50956103749951
E01011654,Leeds 024D,53.8375538981079,-1.51485434576386
E01011655,Leeds 020D,53.8374041675563,-1.50780162212079
E01011656,Leeds 035A,53.8299018170056,-1.47435690888362
E01011657,Leeds 035B,53.8308515100732,-1.4663315691628
E01011658,Leeds 040C,53.826141131203,-1.48120281834105
E01011659,Leeds 035C,53.8234230000787,-1.46736342486561
E01011660,Leeds 040D,53.8210936645218,-1.47186484825307
E01011661,Leeds 035D,53.8228752486993,-1.46032982133625
E01011662,Leeds 040E,53.8171163527326,-1.47762535575438
E01011663,Leeds 050A,53.8146271862446,-1.46575106932162
E01011664,Leeds 050B,53.8173015470337,-1.46708432252128
E01011665,Leeds 050C,53.8139999006542,-1.45853436819408
E01011666,Leeds 061D,53.811327111705,-1.45722930858143
E01011667,Leeds 050D,53.8112468852249,-1.47282287432409
E01011668,Leeds 110E,53.8167946060451,-1.55752076599089
E01011669,Leeds 110F,53.8175226217858,-1.5505565986512
E01011670,Leeds 055A,53.8141265950327,-1.54878703659904
E01011671,Leeds 055B,53.8102611118925,-1.54208874349945
E01011673,Leeds 064B,53.8098238336578,-1.52608040774313
E01011677,Leeds 064D,53.8064195128873,-1.51693381281856
E01011678,Leeds 063B,53.8013350232522,-1.56190986635532
E01011681,Leeds 063D,53.8057296236559,-1.56681781187207
E01011684,Leeds 019C,53.8425166256249,-1.59955421966752
E01011685,Leeds 109A,53.8311337868615,-1.5970040129967
E01011686,Leeds 033E,53.8387307175046,-1.61428149117567
E01011687,Leeds 109B,53.8371420188719,-1.59857297444458
E01011688,Leeds 031B,53.8311092012715,-1.55835629804248
E01011689,Leeds 031C,53.8318745118265,-1.57041556530678
E01011690,Leeds 109C,53.8292389177867,-1.58250841441162
E01011691,Leeds 031D,53.8282196132899,-1.56381939006993
E01011692,Leeds 109D,53.8281263401131,-1.57468139710922
E01011693,Leeds 109E,53.8262306229798,-1.56902917496415
E01011694,Leeds 109F,53.8252518587491,-1.58276808715996
E01011695,Leeds 019D,53.8462964357758,-1.60702501880463
E01011696,Leeds 006B,53.8993545289186,-1.4037327759387
E01011697,Leeds 002A,53.9205027592319,-1.33032467291541
E01011698,Leeds 001A,53.9376538919605,-1.38933061856066
E01011699,Leeds 001B,53.9400093060694,-1.39727627818215
E01011700,Leeds 002B,53.9365193798609,-1.37315569198982
E01011701,Leeds 001C,53.9341302140985,-1.39161509884117
E01011702,Leeds 001D,53.9260231389942,-1.40129761133977
E01011703,Leeds 001E,53.9316625306897,-1.40533946437143
E01011704,Leeds 002C,53.9260270352777,-1.36847740698177
E01011705,Leeds 002D,53.9290009976523,-1.3778872235559
E01011706,Leeds 006C,53.9142255498122,-1.41445518516402
E01011707,Leeds 005A,53.9043191212236,-1.36873778746166
E01011708,Leeds 006D,53.9002998349198,-1.46493812419209
E01011709,Leeds 005B,53.9012017198093,-1.35090111632355
E01011710,Leeds 005C,53.8896680168911,-1.35261417462075
E01011711,Leeds 005D,53.9010376081434,-1.33713877518919
E01011712,Leeds 005E,53.8792501100315,-1.36448405812249
E01011713,Leeds 006E,53.8797721472993,-1.4427189589259
E01011714,Leeds 029A,53.8366764142256,-1.45282459060069
E01011715,Leeds 022C,53.8364072815613,-1.42485955154905
E01011716,Leeds 029B,53.8390279258593,-1.46986541688659
E01011717,Leeds 029C,53.8347586035105,-1.46230088005377
E01011718,Leeds 029D,53.8320351501827,-1.45473044094363
E01011719,Leeds 022D,53.8237343256907,-1.41608431069113
E01011720,Leeds 029E,53.826952881029,-1.45517012349065
E01011721,Leeds 041A,53.8256262315686,-1.44425394657361
E01011722,Leeds 041B,53.8209597886353,-1.43439757387773
E01011723,Leeds 041C,53.8206238694701,-1.44418789109269
E01011724,Leeds 041D,53.8189255932216,-1.45132947273044
E01011725,Leeds 078A,53.7953896684013,-1.61380381119566
E01011726,Leeds 080A,53.7883101132767,-1.6245857128421
E01011727,Leeds 080B,53.795045413576,-1.63445624842877
E01011728,Leeds 080C,53.7797495763161,-1.63345696246875
E01011729,Leeds 078B,53.793675834074,-1.60179591140833
E01011730,Leeds 078C,53.7899163315032,-1.61263711135995
E01011731,Leeds 081B,53.7878542615433,-1.59940924618952
E01011732,Leeds 081C,53.7895805857407,-1.59163943113987
E01011733,Leeds 081D,53.7865363031966,-1.58752705393282
E01011734,Leeds 083A,53.7752395004626,-1.60202257314477
E01011735,Leeds 078D,53.7860527073537,-1.61393323338203
E01011736,Leeds 083B,53.7841991785836,-1.59519429694033
E01011737,Leeds 083C,53.7829348065278,-1.60510260087394
E01011738,Leeds 083D,53.7790307323126,-1.6215881882216
E01011739,Leeds 080D,53.7983841863497,-1.62063549434689
E01032487,Leeds 097F,53.7527510072208,-1.45299887739729
E01032488,Leeds 097G,53.7555284127496,-1.46168151507465
E01032489,Leeds 102F,53.7482620060145,-1.5928665891076
E01032490,Leeds 102G,53.7436714837398,-1.5857506345163
E01032491,Leeds 102H,53.7394053463843,-1.58728930702858
E01032492,Leeds 102I,53.7452586351713,-1.5951209914282
E01032493,Leeds 033F,53.8257863781115,-1.61551474237015
E01032494,Leeds 033G,53.8287445262676,-1.62071301546086
E01032496,Leeds 105F,53.7386356349297,-1.50682541849776
E01032497,Leeds 099E,53.7579744611158,-1.54070516458595
E01032498,Leeds 099F,53.7522513859847,-1.5504897722129
E01032499,Leeds 067G,53.8007436670573,-1.608601662471
E01032500,Leeds 067H,53.7988935843583,-1.59748288904716
E01032501,Leeds 017E,53.8496673032721,-1.62553049263912
E01032502,Leeds 017F,53.8454076855615,-1.62370190916803
E01032503,Leeds 007E,53.8750818024541,-1.64217584888605
E01032504,Leeds 007F,53.8777693540057,-1.60237637608049
E01032606,Leeds 067I,53.80170585919,-1.61970753856844
E01032607,Leeds 067J,53.7957823212488,-1.5975993767455
E01032608,Leeds 067K,53.7992894376162,-1.60207539913676
E01032876,Leeds 109G,53.839273587911,-1.5812834543551
E01032946,Leeds 110G,53.8179887453567,-1.56861466166881
E01033002,Leeds 055F,53.8045292407467,-1.53998587223424
E01033003,Leeds 055G,53.8050983023479,-1.53491064321716
E01033008,Leeds 111A,53.8003534214193,-1.55211547155698
E01033010,Leeds 111B,53.8001043877802,-1.54223724387122
E01033011,Leeds 111C,53.7965401713972,-1.53437915435697
E01033013,Leeds 082E,53.7900194296872,-1.56284507926934
E01033015,Leeds 111D,53.7940918973843,-1.55536440173195
E01033016,Leeds 111E,53.7910035857546,-1.5451702544804
E01033021,Leeds 075E,53.7953979439621,-1.5222334546108
E01033031,Leeds 064E,53.8047931988835,-1.52761075878365
E01033033,Leeds 075F,53.7955105537548,-1.53074862743774
E01033034,Leeds 075G,53.7926360860183,-1.52960589677633
E01033035,Leeds 064F,53.8050595518584,-1.52275077330812
E01035040,Leeds 044G,53.8196718989034,-1.58755695421016
E01035041,Leeds 044H,53.8172354229735,-1.58500858647089
E01035042,Leeds 055I,53.8123244829769,-1.55974334105514
E01035043,Leeds 055J,53.8072119676228,-1.54839837712333
E01035044,Leeds 063F,53.8080256118284,-1.55884959976444
E01035045,Leeds 063G,53.8041507273884,-1.56202277587527
E01035046,Leeds 082G,53.7889690087509,-1.54737627847675
E01035047,Leeds 082H,53.787982943833,-1.55168395204623
E01035048,Leeds 099G,53.7487997989075,-1.53175967639066
E01035049,Leeds 099H,53.7458580885137,-1.52152967418924
E01035050,Leeds 105G,53.7401862294081,-1.54043064023705
E01035051,Leeds 105H,53.7400274444478,-1.52654780645208
E01035052,Leeds 105I,53.7342210667099,-1.53416550109847
E01035053,Leeds 105J,53.73207474223,-1.51295198420928
E01035054,Leeds 112F,53.7887159170784,-1.53121776719466
